what recipes preparation time is greater than that of rice pudding	( call SW.listValue ( call SW.filter ( call SW.getProperty ( call SW.singleton en.recipe ) ( string ! type ) ) ( call SW.ensureNumericProperty ( string preparation_time ) ) ( string > ) ( call SW.ensureNumericEntity ( call SW.getProperty en.recipe.rice_pudding ( string preparation_time ) ) ) ) )	overnight-recipes
what recipe makes two types of cuisine	( call SW.listValue ( call SW.countComparative ( call SW.getProperty ( call SW.singleton en.recipe ) ( string ! type ) ) ( string cuisine ) ( string = ) ( number 2 ) ) )	overnight-recipes
find recipes that were posted before the recipe for rice pudding	( call SW.listValue ( call SW.filter ( call SW.getProperty ( call SW.singleton en.recipe ) ( string ! type ) ) ( call SW.ensureNumericProperty ( string posting_date ) ) ( string < ) ( call SW.ensureNumericEntity ( call SW.getProperty en.recipe.rice_pudding ( string posting_date ) ) ) ) )	overnight-recipes
show recipes posted on the same date or later than rice pudding	( call SW.listValue ( call SW.filter ( call SW.getProperty ( call SW.singleton en.recipe ) ( string ! type ) ) ( call SW.ensureNumericProperty ( string posting_date ) ) ( string >= ) ( call SW.ensureNumericEntity ( call SW.getProperty en.recipe.rice_pudding ( string posting_date ) ) ) ) )	overnight-recipes
show me recipes requiring one ingredient	( call SW.listValue ( call SW.countComparative ( call SW.getProperty ( call SW.singleton en.recipe ) ( string ! type ) ) ( string requires ) ( string < ) ( number 2 ) ( call SW.getProperty ( call SW.singleton en.ingredient ) ( string ! type ) ) ) )	overnight-recipes
what recipes posting date is at least the same as rice pudding	( call SW.listValue ( call SW.filter ( call SW.getProperty ( call SW.singleton en.recipe ) ( string ! type ) ) ( call SW.ensureNumericProperty ( string posting_date ) ) ( string >= ) ( call SW.ensureNumericEntity ( call SW.getProperty en.recipe.rice_pudding ( string posting_date ) ) ) ) )	overnight-recipes
what recipes require at leas two ingredients	( call SW.listValue ( call SW.countComparative ( call SW.getProperty ( call SW.singleton en.recipe ) ( string ! type ) ) ( string requires ) ( string >= ) ( number 2 ) ( call SW.getProperty ( call SW.singleton en.ingredient ) ( string ! type ) ) ) )	overnight-recipes
which recipe has a larger cooking time than the preparation time needed for rice pudding	( call SW.listValue ( call SW.filter ( call SW.getProperty ( call SW.singleton en.recipe ) ( string ! type ) ) ( call SW.ensureNumericProperty ( string cooking_time ) ) ( string > ) ( call SW.ensureNumericEntity ( call SW.getProperty en.recipe.rice_pudding ( string preparation_time ) ) ) ) )	overnight-recipes
what recipe takes equal or less time to cook than rice pudding takes to prep	( call SW.listValue ( call SW.filter ( call SW.getProperty ( call SW.singleton en.recipe ) ( string ! type ) ) ( call SW.ensureNumericProperty ( string cooking_time ) ) ( string <= ) ( call SW.ensureNumericEntity ( call SW.getProperty en.recipe.rice_pudding ( string preparation_time ) ) ) ) )	overnight-recipes
recipe with only one ingredient	( call SW.listValue ( call SW.countComparative ( call SW.getProperty ( call SW.singleton en.recipe ) ( string ! type ) ) ( string requires ) ( string < ) ( number 2 ) ( call SW.getProperty ( call SW.singleton en.ingredient ) ( string ! type ) ) ) )	overnight-recipes
show me recipes for two meals at most	( call SW.listValue ( call SW.countComparative ( call SW.getProperty ( call SW.singleton en.recipe ) ( string ! type ) ) ( string meal ) ( string <= ) ( number 2 ) ( call SW.getProperty ( call SW.singleton en.meal ) ( string ! type ) ) ) )	overnight-recipes
find a meal recipe posted in 2004	( call SW.listValue ( call SW.filter ( call SW.getProperty ( call SW.singleton en.meal ) ( string ! type ) ) ( call SW.reverse ( string meal ) ) ( string = ) ( call SW.filter ( call SW.getProperty ( call SW.singleton en.recipe ) ( string ! type ) ) ( string posting_date ) ( string = ) ( date 2004 -1 -1 ) ) ) )	overnight-recipes
what is a recipe that does not use milk as an ingredient	( call SW.listValue ( call SW.filter ( call SW.getProperty ( call SW.singleton en.recipe ) ( string ! type ) ) ( string requires ) ( string ! = ) en.ingredient.milk ) )	overnight-recipes
the receipe is for two meal	( call SW.listValue ( call SW.countComparative ( call SW.getProperty ( call SW.singleton en.recipe ) ( string ! type ) ) ( string meal ) ( string = ) ( number 2 ) ( call SW.getProperty ( call SW.singleton en.meal ) ( string ! type ) ) ) )	overnight-recipes
what time can be prepped in the same time as rice pudding	( call SW.listValue ( call SW.filter ( call SW.getProperty ( call SW.singleton en.recipe ) ( string ! type ) ) ( string preparation_time ) ( string = ) ( call SW.getProperty en.recipe.rice_pudding ( string preparation_time ) ) ) )	overnight-recipes
show me recipes posted 2004 and earlier	( call SW.listValue ( call SW.filter ( call SW.getProperty ( call SW.singleton en.recipe ) ( string ! type ) ) ( call SW.ensureNumericProperty ( string posting_date ) ) ( string <= ) ( call SW.ensureNumericEntity ( date 2004 -1 -1 ) ) ) )	overnight-recipes
what recipe posted in 2004 makes a lunch meal	( call SW.listValue ( call SW.filter ( call SW.filter ( call SW.getProperty ( call SW.singleton en.recipe ) ( string ! type ) ) ( string posting_date ) ( string = ) ( date 2004 -1 -1 ) ) ( string meal ) ( string = ) en.meal.lunch ) )	overnight-recipes
what is a meal with rice pudding as a dish	( call SW.listValue ( call SW.filter ( call SW.getProperty ( call SW.singleton en.meal ) ( string ! type ) ) ( call SW.reverse ( string meal ) ) ( string = ) en.recipe.rice_pudding ) )	overnight-recipes
for which meal is rice pudding had	( call SW.listValue ( call SW.filter ( call SW.getProperty ( call SW.singleton en.meal ) ( string ! type ) ) ( call SW.reverse ( string meal ) ) ( string = ) en.recipe.rice_pudding ) )	overnight-recipes
find a lunch recipe from 2004	( call SW.listValue ( call SW.filter ( call SW.filter ( call SW.getProperty ( call SW.singleton en.recipe ) ( string ! type ) ) ( string posting_date ) ( string = ) ( date 2004 -1 -1 ) ) ( string meal ) ( string = ) en.meal.lunch ) )	overnight-recipes
what recipes posting date is greater than 2004	( call SW.listValue ( call SW.filter ( call SW.getProperty ( call SW.singleton en.recipe ) ( string ! type ) ) ( call SW.ensureNumericProperty ( string posting_date ) ) ( string > ) ( call SW.ensureNumericEntity ( date 2004 -1 -1 ) ) ) )	overnight-recipes
what recipes require milk	( call SW.listValue ( call SW.filter ( call SW.filter ( call SW.getProperty ( call SW.singleton en.recipe ) ( string ! type ) ) ( string requires ) ( string = ) en.ingredient.milk ) ( string requires ) ( string = ) en.ingredient.milk ) )	overnight-recipes
what recipes posting date is 2004 and requires milk	( call SW.listValue ( call SW.filter ( call SW.filter ( call SW.getProperty ( call SW.singleton en.recipe ) ( string ! type ) ) ( string posting_date ) ( string = ) ( date 2004 -1 -1 ) ) ( string requires ) ( string = ) en.ingredient.milk ) )	overnight-recipes
show me ingredients required by at least two recipes	( call SW.listValue ( call SW.countComparative ( call SW.getProperty ( call SW.singleton en.ingredient ) ( string ! type ) ) ( call SW.reverse ( string requires ) ) ( string >= ) ( number 2 ) ( call SW.getProperty ( call SW.singleton en.recipe ) ( string ! type ) ) ) )	overnight-recipes
show me recipes not for lunch	( call SW.listValue ( call SW.filter ( call SW.getProperty ( call SW.singleton en.recipe ) ( string ! type ) ) ( string meal ) ( string ! = ) en.meal.lunch ) )	overnight-recipes
recipes for two meal	( call SW.listValue ( call SW.countComparative ( call SW.getProperty ( call SW.singleton en.recipe ) ( string ! type ) ) ( string meal ) ( string = ) ( number 2 ) ( call SW.getProperty ( call SW.singleton en.meal ) ( string ! type ) ) ) )	overnight-recipes
what recipes preparation time is no more than the preparation time of rice pudding	( call SW.listValue ( call SW.filter ( call SW.getProperty ( call SW.singleton en.recipe ) ( string ! type ) ) ( call SW.ensureNumericProperty ( string preparation_time ) ) ( string <= ) ( call SW.ensureNumericEntity ( call SW.getProperty en.recipe.rice_pudding ( string preparation_time ) ) ) ) )	overnight-recipes
recipe of at most two cuisine	( call SW.listValue ( call SW.countComparative ( call SW.getProperty ( call SW.singleton en.recipe ) ( string ! type ) ) ( string cuisine ) ( string <= ) ( number 2 ) ) )	overnight-recipes
which recipe has the most number of cuisine	( call SW.listValue ( call SW.countSuperlative ( call SW.getProperty ( call SW.singleton en.recipe ) ( string ! type ) ) ( string max ) ( string cuisine ) ) )	overnight-recipes
show me recipes for rice pudding or quiche	( call SW.listValue ( call SW.concat en.recipe.rice_pudding en.recipe.quiche ) )	overnight-recipes
name the ingredient not required in rice pudding	( call SW.listValue ( call SW.filter ( call SW.getProperty ( call SW.singleton en.ingredient ) ( string ! type ) ) ( call SW.reverse ( string requires ) ) ( string ! = ) en.recipe.rice_pudding ) )	overnight-recipes
show me recipes that need at least three ingrediants	( call SW.listValue ( call SW.countComparative ( call SW.getProperty ( call SW.singleton en.recipe ) ( string ! type ) ) ( string requires ) ( string > ) ( number 2 ) ( call SW.getProperty ( call SW.singleton en.ingredient ) ( string ! type ) ) ) )	overnight-recipes
which recipe has the same cooking time of rice pudding	( call SW.listValue ( call SW.filter ( call SW.getProperty ( call SW.singleton en.recipe ) ( string ! type ) ) ( string preparation_time ) ( string = ) ( call SW.getProperty en.recipe.rice_pudding ( string cooking_time ) ) ) )	overnight-recipes
what recipe has two or less types of cuisine	( call SW.listValue ( call SW.countComparative ( call SW.getProperty ( call SW.singleton en.recipe ) ( string ! type ) ) ( string cuisine ) ( string <= ) ( number 2 ) ) )	overnight-recipes
find me all recipes that require milk	( call SW.listValue ( call SW.filter ( call SW.getProperty ( call SW.singleton en.recipe ) ( string ! type ) ) ( string requires ) ( string = ) en.ingredient.milk ) )	overnight-recipes
what recipe is designed for more than two meals	( call SW.listValue ( call SW.countComparative ( call SW.getProperty ( call SW.singleton en.recipe ) ( string ! type ) ) ( string meal ) ( string > ) ( number 2 ) ( call SW.getProperty ( call SW.singleton en.meal ) ( string ! type ) ) ) )	overnight-recipes
what recipe has a cooking time lower than that of rice pudding	( call SW.listValue ( call SW.filter ( call SW.getProperty ( call SW.singleton en.recipe ) ( string ! type ) ) ( call SW.ensureNumericProperty ( string cooking_time ) ) ( string < ) ( call SW.ensureNumericEntity ( call SW.getProperty en.recipe.rice_pudding ( string cooking_time ) ) ) ) )	overnight-recipes
what recipe cooks in less time than rice pudding	( call SW.listValue ( call SW.filter ( call SW.getProperty ( call SW.singleton en.recipe ) ( string ! type ) ) ( call SW.ensureNumericProperty ( string cooking_time ) ) ( string >= ) ( call SW.ensureNumericEntity ( call SW.getProperty en.recipe.rice_pudding ( string cooking_time ) ) ) ) )	overnight-recipes
for which meal is the dish rice pudding used	( call SW.listValue ( call SW.filter ( call SW.filter ( call SW.getProperty ( call SW.singleton en.meal ) ( string ! type ) ) ( call SW.reverse ( string meal ) ) ( string = ) en.recipe.rice_pudding ) ( call SW.reverse ( string meal ) ) ( string = ) en.recipe.rice_pudding ) )	overnight-recipes
what recipe takes most time to cook	( call SW.listValue ( call SW.superlative ( call SW.getProperty ( call SW.singleton en.recipe ) ( string ! type ) ) ( string max ) ( call SW.ensureNumericProperty ( string cooking_time ) ) ) )	overnight-recipes
ingredient required by recipe whose posting date is 2004	( call SW.listValue ( call SW.filter ( call SW.getProperty ( call SW.singleton en.ingredient ) ( string ! type ) ) ( call SW.reverse ( string requires ) ) ( string = ) ( call SW.filter ( call SW.getProperty ( call SW.singleton en.recipe ) ( string ! type ) ) ( string posting_date ) ( string = ) ( date 2004 -1 -1 ) ) ) )	overnight-recipes
name an ingredient required in more than two recipes	( call SW.listValue ( call SW.countComparative ( call SW.getProperty ( call SW.singleton en.ingredient ) ( string ! type ) ) ( call SW.reverse ( string requires ) ) ( string > ) ( number 2 ) ( call SW.getProperty ( call SW.singleton en.recipe ) ( string ! type ) ) ) )	overnight-recipes
what recipe was posted no later than the rice pudding recipe	( call SW.listValue ( call SW.filter ( call SW.getProperty ( call SW.singleton en.recipe ) ( string ! type ) ) ( call SW.ensureNumericProperty ( string posting_date ) ) ( string <= ) ( call SW.ensureNumericEntity ( call SW.getProperty en.recipe.rice_pudding ( string posting_date ) ) ) ) )	overnight-recipes
show me recipes with preparation times longer than cooking time of rice pudding	( call SW.listValue ( call SW.filter ( call SW.getProperty ( call SW.singleton en.recipe ) ( string ! type ) ) ( call SW.ensureNumericProperty ( string preparation_time ) ) ( string > ) ( call SW.ensureNumericEntity ( call SW.getProperty en.recipe.rice_pudding ( string cooking_time ) ) ) ) )	overnight-recipes
which recipes were posted after 2004 or 2010	( call SW.listValue ( call SW.filter ( call SW.getProperty ( call SW.singleton en.recipe ) ( string ! type ) ) ( call SW.ensureNumericProperty ( string posting_date ) ) ( string > ) ( call SW.ensureNumericEntity ( call SW.concat ( date 2004 -1 -1 ) ( date 2010 -1 -1 ) ) ) ) )	overnight-recipes
what is a recipe from more than two cuisines	( call SW.listValue ( call SW.countComparative ( call SW.getProperty ( call SW.singleton en.recipe ) ( string ! type ) ) ( string cuisine ) ( string > ) ( number 2 ) ) )	overnight-recipes
show me a recipe that has a posting date of at least 2004	( call SW.listValue ( call SW.filter ( call SW.getProperty ( call SW.singleton en.recipe ) ( string ! type ) ) ( call SW.ensureNumericProperty ( string posting_date ) ) ( string >= ) ( call SW.ensureNumericEntity ( date 2004 -1 -1 ) ) ) )	overnight-recipes
what recipe has the greatest cooking time	( call SW.listValue ( call SW.superlative ( call SW.getProperty ( call SW.singleton en.recipe ) ( string ! type ) ) ( string max ) ( call SW.ensureNumericProperty ( string cooking_time ) ) ) )	overnight-recipes
what is the total time required for preparing the dish	( call SW.listValue ( call SW.aggregate ( string sum ) ( call SW.getProperty ( call SW.getProperty ( call SW.singleton en.recipe ) ( string ! type ) ) ( string preparation_time ) ) ) )	overnight-recipes
when was the rice pudding recipe posted	( call SW.listValue ( call SW.getProperty en.recipe.rice_pudding ( string posting_date ) ) )	overnight-recipes
what recipes posted in 2004 require milk	( call SW.listValue ( call SW.filter ( call SW.filter ( call SW.getProperty ( call SW.singleton en.recipe ) ( string ! type ) ) ( string requires ) ( string = ) en.ingredient.milk ) ( string posting_date ) ( string = ) ( date 2004 -1 -1 ) ) )	overnight-recipes
which recipe requires less cooking time than rice pudding preparation	( call SW.listValue ( call SW.filter ( call SW.getProperty ( call SW.singleton en.recipe ) ( string ! type ) ) ( call SW.ensureNumericProperty ( string cooking_time ) ) ( string < ) ( call SW.ensureNumericEntity ( call SW.getProperty en.recipe.rice_pudding ( string preparation_time ) ) ) ) )	overnight-recipes
what recipe is cooked in less time than rice pudding	( call SW.listValue ( call SW.filter ( call SW.getProperty ( call SW.singleton en.recipe ) ( string ! type ) ) ( call SW.ensureNumericProperty ( string cooking_time ) ) ( string <= ) ( call SW.ensureNumericEntity ( call SW.getProperty en.recipe.rice_pudding ( string cooking_time ) ) ) ) )	overnight-recipes
show me ingredients required by lunch recipes	( call SW.listValue ( call SW.filter ( call SW.getProperty ( call SW.singleton en.ingredient ) ( string ! type ) ) ( call SW.reverse ( string requires ) ) ( string = ) ( call SW.filter ( call SW.getProperty ( call SW.singleton en.recipe ) ( string ! type ) ) ( string meal ) ( string = ) en.meal.lunch ) ) )	overnight-recipes
which meal has two recipes designated for it	( call SW.listValue ( call SW.countComparative ( call SW.getProperty ( call SW.singleton en.meal ) ( string ! type ) ) ( call SW.reverse ( string meal ) ) ( string = ) ( number 2 ) ( call SW.getProperty ( call SW.singleton en.recipe ) ( string ! type ) ) ) )	overnight-recipes
how many total ingredients are used in all the recipes	( call SW.listValue ( call .size ( call SW.getProperty ( call SW.singleton en.ingredient ) ( string ! type ) ) ) )	overnight-recipes
what is a recipe from no more than two different cuisines	( call SW.listValue ( call SW.countComparative ( call SW.getProperty ( call SW.singleton en.recipe ) ( string ! type ) ) ( string cuisine ) ( string <= ) ( number 2 ) ) )	overnight-recipes
show me recipes with posting dates from 2004 or later	( call SW.listValue ( call SW.filter ( call SW.getProperty ( call SW.singleton en.recipe ) ( string ! type ) ) ( call SW.ensureNumericProperty ( string posting_date ) ) ( string >= ) ( call SW.ensureNumericEntity ( call SW.concat ( date 2004 -1 -1 ) ( date 2010 -1 -1 ) ) ) ) )	overnight-recipes
what kind of cuisine is rice pudding	( call SW.listValue ( call SW.getProperty en.recipe.rice_pudding ( string cuisine ) ) )	overnight-recipes
which recipes posted in 2004 require milk	( call SW.listValue ( call SW.filter ( call SW.filter ( call SW.getProperty ( call SW.singleton en.recipe ) ( string ! type ) ) ( string requires ) ( string = ) en.ingredient.milk ) ( string posting_date ) ( string = ) ( date 2004 -1 -1 ) ) )	overnight-recipes
show me recipe to do a meal for a single person	( call SW.listValue ( call SW.countSuperlative ( call SW.getProperty ( call SW.singleton en.recipe ) ( string ! type ) ) ( string min ) ( string meal ) ( call SW.getProperty ( call SW.singleton en.meal ) ( string ! type ) ) ) )	overnight-recipes
what recipe is a recipe for lunch	( call SW.listValue ( call SW.filter ( call SW.getProperty ( call SW.singleton en.meal ) ( string ! type ) ) ( call SW.reverse ( string meal ) ) ( string = ) ( call SW.filter ( call SW.getProperty ( call SW.singleton en.recipe ) ( string ! type ) ) ( string meal ) ( string = ) en.meal.lunch ) ) )	overnight-recipes
what recipe was not posted in 2004	( call SW.listValue ( call SW.filter ( call SW.getProperty ( call SW.singleton en.recipe ) ( string ! type ) ) ( string posting_date ) ( string ! = ) ( date 2004 -1 -1 ) ) )	overnight-recipes
what is the cooking time of rice pudding	( call SW.listValue ( call SW.getProperty en.recipe.rice_pudding ( string cooking_time ) ) )	overnight-recipes
show me recipes that posted no later than the rice pudding recipe	( call SW.listValue ( call SW.filter ( call SW.getProperty ( call SW.singleton en.recipe ) ( string ! type ) ) ( call SW.ensureNumericProperty ( string posting_date ) ) ( string <= ) ( call SW.ensureNumericEntity ( call SW.getProperty en.recipe.rice_pudding ( string posting_date ) ) ) ) )	overnight-recipes
what meal is the recipe posted in 2004	( call SW.listValue ( call SW.filter ( call SW.getProperty ( call SW.singleton en.meal ) ( string ! type ) ) ( call SW.reverse ( string meal ) ) ( string = ) ( call SW.filter ( call SW.getProperty ( call SW.singleton en.recipe ) ( string ! type ) ) ( string posting_date ) ( string = ) ( date 2004 -1 -1 ) ) ) )	overnight-recipes
what recipe is used in the greatest number of cuisines	( call SW.listValue ( call SW.countSuperlative ( call SW.getProperty ( call SW.singleton en.recipe ) ( string ! type ) ) ( string max ) ( string cuisine ) ) )	overnight-recipes
show me preparation time for rice pudding	( call SW.listValue ( call SW.getProperty en.recipe.rice_pudding ( string preparation_time ) ) )	overnight-recipes
what are the recipes that are made with milk	( call SW.listValue ( call SW.filter ( call SW.getProperty ( call SW.singleton en.recipe ) ( string ! type ) ) ( string requires ) ( string = ) en.ingredient.milk ) )	overnight-recipes
ingredients in rice pudding	( call SW.listValue ( call SW.filter ( call SW.filter ( call SW.getProperty ( call SW.singleton en.ingredient ) ( string ! type ) ) ( call SW.reverse ( string requires ) ) ( string = ) en.recipe.rice_pudding ) ( call SW.reverse ( string requires ) ) ( string = ) en.recipe.rice_pudding ) )	overnight-recipes
what meal has fewer than two recipes to make it	( call SW.listValue ( call SW.countComparative ( call SW.getProperty ( call SW.singleton en.meal ) ( string ! type ) ) ( call SW.reverse ( string meal ) ) ( string < ) ( number 2 ) ( call SW.getProperty ( call SW.singleton en.recipe ) ( string ! type ) ) ) )	overnight-recipes
what recipe uses milk or spinach as an ingredient	( call SW.listValue ( call SW.filter ( call SW.getProperty ( call SW.singleton en.recipe ) ( string ! type ) ) ( string requires ) ( string = ) ( call SW.concat en.ingredient.milk en.ingredient.spinach ) ) )	overnight-recipes
which recipe has the least number of cuisines	( call SW.listValue ( call SW.countSuperlative ( call SW.getProperty ( call SW.singleton en.recipe ) ( string ! type ) ) ( string min ) ( string cuisine ) ) )	overnight-recipes
show me recipes that can be used for two meals	( call SW.listValue ( call SW.countComparative ( call SW.getProperty ( call SW.singleton en.recipe ) ( string ! type ) ) ( string meal ) ( string = ) ( number 2 ) ( call SW.getProperty ( call SW.singleton en.meal ) ( string ! type ) ) ) )	overnight-recipes
show me recipes for lunch or dinner	( call SW.listValue ( call SW.concat en.meal.lunch en.meal.dinner ) )	overnight-recipes
what is the total cooking time of the recipe	( call SW.listValue ( call SW.aggregate ( string sum ) ( call SW.getProperty ( call SW.getProperty ( call SW.singleton en.recipe ) ( string ! type ) ) ( string cooking_time ) ) ) )	overnight-recipes
what recipes have the same cooking time as rice pudding	( call SW.listValue ( call SW.filter ( call SW.getProperty ( call SW.singleton en.recipe ) ( string ! type ) ) ( string cooking_time ) ( string = ) ( call SW.getProperty en.recipe.rice_pudding ( string cooking_time ) ) ) )	overnight-recipes
show me meals requiring milk	( call SW.listValue ( call SW.filter ( call SW.getProperty ( call SW.singleton en.meal ) ( string ! type ) ) ( call SW.reverse ( string meal ) ) ( string = ) ( call SW.filter ( call SW.getProperty ( call SW.singleton en.recipe ) ( string ! type ) ) ( string requires ) ( string = ) en.ingredient.milk ) ) )	overnight-recipes
what recipes were posted after rice pudding	( call SW.listValue ( call SW.filter ( call SW.getProperty ( call SW.singleton en.recipe ) ( string ! type ) ) ( call SW.ensureNumericProperty ( string posting_date ) ) ( string > ) ( call SW.ensureNumericEntity ( call SW.getProperty en.recipe.rice_pudding ( string posting_date ) ) ) ) )	overnight-recipes
find recipes that need two ingredients	( call SW.listValue ( call SW.countComparative ( call SW.getProperty ( call SW.singleton en.recipe ) ( string ! type ) ) ( string requires ) ( string <= ) ( number 2 ) ( call SW.getProperty ( call SW.singleton en.ingredient ) ( string ! type ) ) ) )	overnight-recipes
what meal has at least two recipes for it	( call SW.listValue ( call SW.countComparative ( call SW.getProperty ( call SW.singleton en.meal ) ( string ! type ) ) ( call SW.reverse ( string meal ) ) ( string >= ) ( number 2 ) ( call SW.getProperty ( call SW.singleton en.recipe ) ( string ! type ) ) ) )	overnight-recipes
quiche or rice pudding	( call SW.listValue ( call SW.concat en.recipe.rice_pudding en.recipe.quiche ) )	overnight-recipes
show recipes with the preparation time as the cooking time of rice pudding	( call SW.listValue ( call SW.filter ( call SW.getProperty ( call SW.singleton en.recipe ) ( string ! type ) ) ( string preparation_time ) ( string = ) ( call SW.getProperty en.recipe.rice_pudding ( string cooking_time ) ) ) )	overnight-recipes
show me recipes for at least two meals	( call SW.listValue ( call SW.countComparative ( call SW.getProperty ( call SW.singleton en.recipe ) ( string ! type ) ) ( string meal ) ( string >= ) ( number 2 ) ( call SW.getProperty ( call SW.singleton en.meal ) ( string ! type ) ) ) )	overnight-recipes
a recipe for the fewest types of meals	( call SW.listValue ( call SW.countSuperlative ( call SW.getProperty ( call SW.singleton en.recipe ) ( string ! type ) ) ( string min ) ( string meal ) ( call SW.getProperty ( call SW.singleton en.meal ) ( string ! type ) ) ) )	overnight-recipes
show me recipes with posting date before 2010	( call SW.listValue ( call SW.filter ( call SW.getProperty ( call SW.singleton en.recipe ) ( string ! type ) ) ( call SW.ensureNumericProperty ( string posting_date ) ) ( string < ) ( call SW.ensureNumericEntity ( call SW.concat ( date 2004 -1 -1 ) ( date 2010 -1 -1 ) ) ) ) )	overnight-recipes
what is cuisine for rice pudding	( call SW.listValue ( call SW.getProperty en.recipe.rice_pudding ( string cuisine ) ) )	overnight-recipes
what recipes preparation time is lesser than the cooking time of rice pudding	( call SW.listValue ( call SW.filter ( call SW.getProperty ( call SW.singleton en.recipe ) ( string ! type ) ) ( call SW.ensureNumericProperty ( string preparation_time ) ) ( string < ) ( call SW.ensureNumericEntity ( call SW.getProperty en.recipe.rice_pudding ( string cooking_time ) ) ) ) )	overnight-recipes
what meal has more than two recipes	( call SW.listValue ( call SW.countComparative ( call SW.getProperty ( call SW.singleton en.meal ) ( string ! type ) ) ( call SW.reverse ( string meal ) ) ( string > ) ( number 2 ) ( call SW.getProperty ( call SW.singleton en.recipe ) ( string ! type ) ) ) )	overnight-recipes
how much time it takes to prepare rice pudding	( call SW.listValue ( call SW.getProperty en.recipe.rice_pudding ( string preparation_time ) ) )	overnight-recipes
show me recipes with the least cooking time	( call SW.listValue ( call SW.superlative ( call SW.getProperty ( call SW.singleton en.recipe ) ( string ! type ) ) ( string min ) ( call SW.ensureNumericProperty ( string cooking_time ) ) ) )	overnight-recipes
which meals are recipes posted in 2004 for	( call SW.listValue ( call SW.filter ( call SW.getProperty ( call SW.singleton en.meal ) ( string ! type ) ) ( call SW.reverse ( string meal ) ) ( string = ) ( call SW.filter ( call SW.getProperty ( call SW.singleton en.recipe ) ( string ! type ) ) ( string posting_date ) ( string = ) ( date 2004 -1 -1 ) ) ) )	overnight-recipes
what recipe has one cuisine	( call SW.listValue ( call SW.countComparative ( call SW.getProperty ( call SW.singleton en.recipe ) ( string ! type ) ) ( string cuisine ) ( string < ) ( number 2 ) ) )	overnight-recipes
show me recipes posted in 2004	( call SW.listValue ( call SW.filter ( call SW.getProperty ( call SW.singleton en.recipe ) ( string ! type ) ) ( string posting_date ) ( string = ) ( date 2004 -1 -1 ) ) )	overnight-recipes
when was the rice pudding recipe posted	( call SW.listValue ( call SW.getProperty en.recipe.rice_pudding ( string posting_date ) ) )	overnight-recipes
this receipe requires more than two ingredient	( call SW.listValue ( call SW.countComparative ( call SW.getProperty ( call SW.singleton en.recipe ) ( string ! type ) ) ( string requires ) ( string > ) ( number 2 ) ( call SW.getProperty ( call SW.singleton en.ingredient ) ( string ! type ) ) ) )	overnight-recipes
for what meal can maximum recipes be found	( call SW.listValue ( call SW.countSuperlative ( call SW.getProperty ( call SW.singleton en.meal ) ( string ! type ) ) ( string max ) ( call SW.reverse ( string meal ) ) ( call SW.getProperty ( call SW.singleton en.recipe ) ( string ! type ) ) ) )	overnight-recipes
show me recipes that have the same preparation time as rice pudding	( call SW.listValue ( call SW.filter ( call SW.getProperty ( call SW.singleton en.recipe ) ( string ! type ) ) ( string preparation_time ) ( string = ) ( call SW.getProperty en.recipe.rice_pudding ( string preparation_time ) ) ) )	overnight-recipes
recipes for lunch or dinner menus	( call SW.listValue ( call SW.concat en.meal.lunch en.meal.dinner ) )	overnight-recipes
what recipe was posted after or on the same day as rice pudding	( call SW.listValue ( call SW.filter ( call SW.getProperty ( call SW.singleton en.recipe ) ( string ! type ) ) ( call SW.ensureNumericProperty ( string posting_date ) ) ( string >= ) ( call SW.ensureNumericEntity ( call SW.getProperty en.recipe.rice_pudding ( string posting_date ) ) ) ) )	overnight-recipes
name the recipe that is prepared for lunch	( call SW.listValue ( call SW.filter ( call SW.filter ( call SW.getProperty ( call SW.singleton en.recipe ) ( string ! type ) ) ( string meal ) ( string = ) en.meal.lunch ) ( string meal ) ( string = ) en.meal.lunch ) )	overnight-recipes
what recipes posting date is lesser than that of rice pudding	( call SW.listValue ( call SW.filter ( call SW.getProperty ( call SW.singleton en.recipe ) ( string ! type ) ) ( call SW.ensureNumericProperty ( string posting_date ) ) ( string < ) ( call SW.ensureNumericEntity ( call SW.getProperty en.recipe.rice_pudding ( string posting_date ) ) ) ) )	overnight-recipes
tell me ingredients of rice pudding	( call SW.listValue ( call SW.filter ( call SW.filter ( call SW.getProperty ( call SW.singleton en.ingredient ) ( string ! type ) ) ( call SW.reverse ( string requires ) ) ( string = ) en.recipe.rice_pudding ) ( call SW.reverse ( string requires ) ) ( string = ) en.recipe.rice_pudding ) )	overnight-recipes
recipe whose posting date is at least rice puddings posting date	( call SW.listValue ( call SW.filter ( call SW.getProperty ( call SW.singleton en.recipe ) ( string ! type ) ) ( call SW.ensureNumericProperty ( string posting_date ) ) ( string >= ) ( call SW.ensureNumericEntity ( call SW.getProperty en.recipe.rice_pudding ( string posting_date ) ) ) ) )	overnight-recipes
show me recipes with a cooking time equal to the preparation time for rice pudding	( call SW.listValue ( call SW.filter ( call SW.getProperty ( call SW.singleton en.recipe ) ( string ! type ) ) ( string cooking_time ) ( string = ) ( call SW.getProperty en.recipe.rice_pudding ( string preparation_time ) ) ) )	overnight-recipes
what recipe is cooked faster than rice pudding	( call SW.listValue ( call SW.filter ( call SW.getProperty ( call SW.singleton en.recipe ) ( string ! type ) ) ( call SW.ensureNumericProperty ( string cooking_time ) ) ( string < ) ( call SW.ensureNumericEntity ( call SW.getProperty en.recipe.rice_pudding ( string cooking_time ) ) ) ) )	overnight-recipes
show recipes that does not have milk as one of its ingredients	( call SW.listValue ( call SW.filter ( call SW.getProperty ( call SW.singleton en.recipe ) ( string ! type ) ) ( string requires ) ( string ! = ) en.ingredient.milk ) )	overnight-recipes
what recipe has the most ingredients	( call SW.listValue ( call SW.countSuperlative ( call SW.getProperty ( call SW.singleton en.recipe ) ( string ! type ) ) ( string max ) ( string requires ) ( call SW.getProperty ( call SW.singleton en.ingredient ) ( string ! type ) ) ) )	overnight-recipes
spinach or milk	( call SW.listValue ( call SW.concat en.ingredient.milk en.ingredient.spinach ) )	overnight-recipes
meal with milk recipe	( call SW.listValue ( call SW.filter ( call SW.getProperty ( call SW.singleton en.meal ) ( string ! type ) ) ( call SW.reverse ( string meal ) ) ( string = ) ( call SW.filter ( call SW.getProperty ( call SW.singleton en.recipe ) ( string ! type ) ) ( string requires ) ( string = ) en.ingredient.milk ) ) )	overnight-recipes
what is the used milk or spinach	( call SW.listValue ( call SW.concat en.ingredient.milk en.ingredient.spinach ) )	overnight-recipes
what is a recipe using milk or spinach as an ingredient	( call SW.listValue ( call SW.concat en.ingredient.milk en.ingredient.spinach ) )	overnight-recipes
a recipe which posted no sooner than 2004 or 2010	( call SW.listValue ( call SW.filter ( call SW.getProperty ( call SW.singleton en.recipe ) ( string ! type ) ) ( call SW.ensureNumericProperty ( string posting_date ) ) ( string >= ) ( call SW.ensureNumericEntity ( call SW.concat ( date 2004 -1 -1 ) ( date 2010 -1 -1 ) ) ) ) )	overnight-recipes
show me recipes requiring an ingredient from rice pudding	( call SW.listValue ( call SW.filter ( call SW.getProperty ( call SW.singleton en.recipe ) ( string ! type ) ) ( string requires ) ( string = ) ( call SW.filter ( call SW.getProperty ( call SW.singleton en.ingredient ) ( string ! type ) ) ( call SW.reverse ( string requires ) ) ( string = ) en.recipe.rice_pudding ) ) )	overnight-recipes
what is the average cooking time for that recipe	( call SW.listValue ( call SW.aggregate ( string avg ) ( call SW.getProperty ( call SW.getProperty ( call SW.singleton en.recipe ) ( string ! type ) ) ( string cooking_time ) ) ) )	overnight-recipes
find a recipe thatll feed two people	( call SW.listValue ( call SW.countComparative ( call SW.getProperty ( call SW.singleton en.recipe ) ( string ! type ) ) ( string meal ) ( string = ) ( number 2 ) ( call SW.getProperty ( call SW.singleton en.meal ) ( string ! type ) ) ) )	overnight-recipes
show recipes for lunch or dinner	( call SW.listValue ( call SW.filter ( call SW.getProperty ( call SW.singleton en.recipe ) ( string ! type ) ) ( string meal ) ( string = ) ( call SW.concat en.meal.lunch en.meal.dinner ) ) )	overnight-recipes
what ingredients are used in rice pudding or quiche	( call SW.listValue ( call SW.filter ( call SW.getProperty ( call SW.singleton en.ingredient ) ( string ! type ) ) ( call SW.reverse ( string requires ) ) ( string = ) ( call SW.concat en.recipe.rice_pudding en.recipe.quiche ) ) )	overnight-recipes
what ingredients are used by at least two recipes	( call SW.listValue ( call SW.countComparative ( call SW.getProperty ( call SW.singleton en.ingredient ) ( string ! type ) ) ( call SW.reverse ( string requires ) ) ( string >= ) ( number 2 ) ( call SW.getProperty ( call SW.singleton en.recipe ) ( string ! type ) ) ) )	overnight-recipes
show me recipes posted before 2010	( call SW.listValue ( call SW.filter ( call SW.getProperty ( call SW.singleton en.recipe ) ( string ! type ) ) ( call SW.ensureNumericProperty ( string posting_date ) ) ( string <= ) ( call SW.ensureNumericEntity ( call SW.concat ( date 2004 -1 -1 ) ( date 2010 -1 -1 ) ) ) ) )	overnight-recipes
show recipes that at most have two cuisine	( call SW.listValue ( call SW.countComparative ( call SW.getProperty ( call SW.singleton en.recipe ) ( string ! type ) ) ( string cuisine ) ( string <= ) ( number 2 ) ) )	overnight-recipes
recipes with just two ingredients	( call SW.listValue ( call SW.countComparative ( call SW.getProperty ( call SW.singleton en.recipe ) ( string ! type ) ) ( string requires ) ( string = ) ( number 2 ) ( call SW.getProperty ( call SW.singleton en.ingredient ) ( string ! type ) ) ) )	overnight-recipes
what is the cuisine of rice pudding	( call SW.listValue ( call SW.getProperty en.recipe.rice_pudding ( string cuisine ) ) )	overnight-recipes
which recipe was posted at the posting date of rice pudding	( call SW.listValue ( call SW.filter ( call SW.getProperty ( call SW.singleton en.recipe ) ( string ! type ) ) ( call SW.ensureNumericProperty ( string posting_date ) ) ( string <= ) ( call SW.ensureNumericEntity ( call SW.getProperty en.recipe.rice_pudding ( string posting_date ) ) ) ) )	overnight-recipes
show me recipes that take the same time to prepare as rice pudding	( call SW.listValue ( call SW.filter ( call SW.getProperty ( call SW.singleton en.recipe ) ( string ! type ) ) ( string preparation_time ) ( string = ) ( call SW.getProperty en.recipe.rice_pudding ( string preparation_time ) ) ) )	overnight-recipes
cooking time of recipe	( call SW.listValue ( call SW.aggregate ( string sum ) ( call SW.getProperty ( call SW.getProperty ( call SW.singleton en.recipe ) ( string ! type ) ) ( string cooking_time ) ) ) )	overnight-recipes
what recipes are for the same meal as rice pudding	( call SW.listValue ( call SW.filter ( call SW.getProperty ( call SW.singleton en.recipe ) ( string ! type ) ) ( string meal ) ( string = ) ( call SW.filter ( call SW.getProperty ( call SW.singleton en.meal ) ( string ! type ) ) ( call SW.reverse ( string meal ) ) ( string = ) en.recipe.rice_pudding ) ) )	overnight-recipes
recipes without milk	( call SW.listValue ( call SW.filter ( call SW.getProperty ( call SW.singleton en.recipe ) ( string ! type ) ) ( string requires ) ( string ! = ) en.ingredient.milk ) )	overnight-recipes
which recipe requires two ingredients	( call SW.listValue ( call SW.countComparative ( call SW.getProperty ( call SW.singleton en.recipe ) ( string ! type ) ) ( string requires ) ( string = ) ( number 2 ) ( call SW.getProperty ( call SW.singleton en.ingredient ) ( string ! type ) ) ) )	overnight-recipes
what is an ingredient found in a recipe for rice pudding or quiche	( call SW.listValue ( call SW.filter ( call SW.getProperty ( call SW.singleton en.ingredient ) ( string ! type ) ) ( call SW.reverse ( string requires ) ) ( string = ) ( call SW.concat en.recipe.rice_pudding en.recipe.quiche ) ) )	overnight-recipes
what recipes cooking time is lower than the preparation time of rice pudding	( call SW.listValue ( call SW.filter ( call SW.getProperty ( call SW.singleton en.recipe ) ( string ! type ) ) ( call SW.ensureNumericProperty ( string cooking_time ) ) ( string < ) ( call SW.ensureNumericEntity ( call SW.getProperty en.recipe.rice_pudding ( string preparation_time ) ) ) ) )	overnight-recipes
show me recipes that have the same or longer preparation time as rice pudding	( call SW.listValue ( call SW.filter ( call SW.getProperty ( call SW.singleton en.recipe ) ( string ! type ) ) ( call SW.ensureNumericProperty ( string preparation_time ) ) ( string >= ) ( call SW.ensureNumericEntity ( call SW.getProperty en.recipe.rice_pudding ( string cooking_time ) ) ) ) )	overnight-recipes
what recipe can be prepped in less time than rice pudding can be cooked	( call SW.listValue ( call SW.filter ( call SW.getProperty ( call SW.singleton en.recipe ) ( string ! type ) ) ( call SW.ensureNumericProperty ( string preparation_time ) ) ( string < ) ( call SW.ensureNumericEntity ( call SW.getProperty en.recipe.rice_pudding ( string cooking_time ) ) ) ) )	overnight-recipes
how many meals are there	( call SW.listValue ( call .size ( call SW.getProperty ( call SW.singleton en.meal ) ( string ! type ) ) ) )	overnight-recipes
what recipe is not lunch	( call SW.listValue ( call SW.filter ( call SW.getProperty ( call SW.singleton en.recipe ) ( string ! type ) ) ( string meal ) ( string ! = ) en.meal.lunch ) )	overnight-recipes
which recipe is found in only one cuisine	( call SW.listValue ( call SW.countComparative ( call SW.getProperty ( call SW.singleton en.recipe ) ( string ! type ) ) ( string cuisine ) ( string < ) ( number 2 ) ) )	overnight-recipes
find recipes that can be used for  more than two meals	( call SW.listValue ( call SW.countComparative ( call SW.getProperty ( call SW.singleton en.recipe ) ( string ! type ) ) ( string meal ) ( string > ) ( number 2 ) ( call SW.getProperty ( call SW.singleton en.meal ) ( string ! type ) ) ) )	overnight-recipes
show me recipes with cooking time equal to rice pudding	( call SW.listValue ( call SW.filter ( call SW.getProperty ( call SW.singleton en.recipe ) ( string ! type ) ) ( string cooking_time ) ( string = ) ( call SW.getProperty en.recipe.rice_pudding ( string cooking_time ) ) ) )	overnight-recipes
find recipes for all kinds of meals	( call SW.listValue ( call SW.countSuperlative ( call SW.getProperty ( call SW.singleton en.recipe ) ( string ! type ) ) ( string max ) ( string meal ) ( call SW.getProperty ( call SW.singleton en.meal ) ( string ! type ) ) ) )	overnight-recipes
what recipe has a cook time less than the cook time of rice pudding	( call SW.listValue ( call SW.filter ( call SW.getProperty ( call SW.singleton en.recipe ) ( string ! type ) ) ( call SW.ensureNumericProperty ( string cooking_time ) ) ( string < ) ( call SW.ensureNumericEntity ( call SW.getProperty en.recipe.rice_pudding ( string cooking_time ) ) ) ) )	overnight-recipes
ingredients required in less than three recipes	( call SW.listValue ( call SW.countComparative ( call SW.getProperty ( call SW.singleton en.ingredient ) ( string ! type ) ) ( call SW.reverse ( string requires ) ) ( string <= ) ( number 2 ) ( call SW.getProperty ( call SW.singleton en.recipe ) ( string ! type ) ) ) )	overnight-recipes
show me recipes that have a cooking time equal to the preparation time of rice pudding	( call SW.listValue ( call SW.filter ( call SW.getProperty ( call SW.singleton en.recipe ) ( string ! type ) ) ( string cooking_time ) ( string = ) ( call SW.getProperty en.recipe.rice_pudding ( string preparation_time ) ) ) )	overnight-recipes
show me ingredients required for two recipes at most	( call SW.listValue ( call SW.countComparative ( call SW.getProperty ( call SW.singleton en.ingredient ) ( string ! type ) ) ( call SW.reverse ( string requires ) ) ( string <= ) ( number 2 ) ( call SW.getProperty ( call SW.singleton en.recipe ) ( string ! type ) ) ) )	overnight-recipes
show me lunch recipes	( call SW.listValue ( call SW.filter ( call SW.filter ( call SW.getProperty ( call SW.singleton en.recipe ) ( string ! type ) ) ( string meal ) ( string = ) en.meal.lunch ) ( string meal ) ( string = ) en.meal.lunch ) )	overnight-recipes
show me recipes posted in 2004 or later	( call SW.listValue ( call SW.filter ( call SW.getProperty ( call SW.singleton en.recipe ) ( string ! type ) ) ( call SW.ensureNumericProperty ( string posting_date ) ) ( string >= ) ( call SW.ensureNumericEntity ( date 2004 -1 -1 ) ) ) )	overnight-recipes
recipes for rice pudding or quice	( call SW.listValue ( call SW.concat en.recipe.rice_pudding en.recipe.quiche ) )	overnight-recipes
show recipes whose posting date is not 2004	( call SW.listValue ( call SW.filter ( call SW.getProperty ( call SW.singleton en.recipe ) ( string ! type ) ) ( string posting_date ) ( string ! = ) ( date 2004 -1 -1 ) ) )	overnight-recipes
find recipes posted after 2004	( call SW.listValue ( call SW.filter ( call SW.getProperty ( call SW.singleton en.recipe ) ( string ! type ) ) ( call SW.ensureNumericProperty ( string posting_date ) ) ( string > ) ( call SW.ensureNumericEntity ( date 2004 -1 -1 ) ) ) )	overnight-recipes
which recipes require the least amount of ingredients	( call SW.listValue ( call SW.countSuperlative ( call SW.getProperty ( call SW.singleton en.recipe ) ( string ! type ) ) ( string min ) ( string requires ) ( call SW.getProperty ( call SW.singleton en.ingredient ) ( string ! type ) ) ) )	overnight-recipes
what are ingredients required by the recipe posted in 2004	( call SW.listValue ( call SW.filter ( call SW.getProperty ( call SW.singleton en.ingredient ) ( string ! type ) ) ( call SW.reverse ( string requires ) ) ( string = ) ( call SW.filter ( call SW.getProperty ( call SW.singleton en.recipe ) ( string ! type ) ) ( string posting_date ) ( string = ) ( date 2004 -1 -1 ) ) ) )	overnight-recipes
show me recipes with cooking time equal to preparation time for rice pudding	( call SW.listValue ( call SW.filter ( call SW.getProperty ( call SW.singleton en.recipe ) ( string ! type ) ) ( string cooking_time ) ( string = ) ( call SW.getProperty en.recipe.rice_pudding ( string preparation_time ) ) ) )	overnight-recipes
how much time it takes to cook rice pudding 	( call SW.listValue ( call SW.getProperty en.recipe.rice_pudding ( string cooking_time ) ) )	overnight-recipes
which recipes take less or as long to prepare as rice pudding	( call SW.listValue ( call SW.filter ( call SW.getProperty ( call SW.singleton en.recipe ) ( string ! type ) ) ( call SW.ensureNumericProperty ( string preparation_time ) ) ( string <= ) ( call SW.ensureNumericEntity ( call SW.getProperty en.recipe.rice_pudding ( string preparation_time ) ) ) ) )	overnight-recipes
what is a recipe that takes no more time to cook than rice pudding	( call SW.listValue ( call SW.filter ( call SW.getProperty ( call SW.singleton en.recipe ) ( string ! type ) ) ( call SW.ensureNumericProperty ( string cooking_time ) ) ( string <= ) ( call SW.ensureNumericEntity ( call SW.getProperty en.recipe.rice_pudding ( string cooking_time ) ) ) ) )	overnight-recipes
show me recipes designed for two meals	( call SW.listValue ( call SW.countComparative ( call SW.getProperty ( call SW.singleton en.recipe ) ( string ! type ) ) ( string meal ) ( string = ) ( number 2 ) ( call SW.getProperty ( call SW.singleton en.meal ) ( string ! type ) ) ) )	overnight-recipes
what recipe needs least ingredients	( call SW.listValue ( call SW.countSuperlative ( call SW.getProperty ( call SW.singleton en.recipe ) ( string ! type ) ) ( string min ) ( string requires ) ( call SW.getProperty ( call SW.singleton en.ingredient ) ( string ! type ) ) ) )	overnight-recipes
what is the average preparation time for a recipe	( call SW.listValue ( call SW.aggregate ( string avg ) ( call SW.getProperty ( call SW.getProperty ( call SW.singleton en.recipe ) ( string ! type ) ) ( string preparation_time ) ) ) )	overnight-recipes
recipes cooking time	( call SW.listValue ( call SW.aggregate ( string sum ) ( call SW.getProperty ( call SW.getProperty ( call SW.singleton en.recipe ) ( string ! type ) ) ( string cooking_time ) ) ) )	overnight-recipes
what recipe takes the shortest time to cook	( call SW.listValue ( call SW.superlative ( call SW.getProperty ( call SW.singleton en.recipe ) ( string ! type ) ) ( string min ) ( call SW.ensureNumericProperty ( string cooking_time ) ) ) )	overnight-recipes
show recipes that requires at most the preparation time of rice pudding	( call SW.listValue ( call SW.filter ( call SW.getProperty ( call SW.singleton en.recipe ) ( string ! type ) ) ( call SW.ensureNumericProperty ( string preparation_time ) ) ( string <= ) ( call SW.ensureNumericEntity ( call SW.getProperty en.recipe.rice_pudding ( string cooking_time ) ) ) ) )	overnight-recipes
show me recipes with two ingedients	( call SW.listValue ( call SW.countComparative ( call SW.getProperty ( call SW.singleton en.recipe ) ( string ! type ) ) ( string cuisine ) ( string = ) ( number 2 ) ) )	overnight-recipes
which recipes make at least 2 meals	( call SW.listValue ( call SW.countComparative ( call SW.getProperty ( call SW.singleton en.recipe ) ( string ! type ) ) ( string meal ) ( string >= ) ( number 2 ) ( call SW.getProperty ( call SW.singleton en.meal ) ( string ! type ) ) ) )	overnight-recipes
show me recipes that whose preparation time is shorter than rice puddings cooking time	( call SW.listValue ( call SW.filter ( call SW.getProperty ( call SW.singleton en.recipe ) ( string ! type ) ) ( call SW.ensureNumericProperty ( string preparation_time ) ) ( string < ) ( call SW.ensureNumericEntity ( call SW.getProperty en.recipe.rice_pudding ( string cooking_time ) ) ) ) )	overnight-recipes
show me recipes with cooking times greater than cooking time of rice pudding	( call SW.listValue ( call SW.filter ( call SW.getProperty ( call SW.singleton en.recipe ) ( string ! type ) ) ( call SW.ensureNumericProperty ( string cooking_time ) ) ( string > ) ( call SW.ensureNumericEntity ( call SW.getProperty en.recipe.rice_pudding ( string cooking_time ) ) ) ) )	overnight-recipes
show me recipes that require less than two ingredients	( call SW.listValue ( call SW.countComparative ( call SW.getProperty ( call SW.singleton en.ingredient ) ( string ! type ) ) ( call SW.reverse ( string requires ) ) ( string < ) ( number 2 ) ( call SW.getProperty ( call SW.singleton en.recipe ) ( string ! type ) ) ) )	overnight-recipes
show me recipes requiring the fewest ingredients	( call SW.listValue ( call SW.countSuperlative ( call SW.getProperty ( call SW.singleton en.recipe ) ( string ! type ) ) ( string min ) ( string requires ) ( call SW.getProperty ( call SW.singleton en.ingredient ) ( string ! type ) ) ) )	overnight-recipes
what are the recipes posted in2004 or 2010	( call SW.listValue ( call SW.filter ( call SW.getProperty ( call SW.singleton en.recipe ) ( string ! type ) ) ( call SW.ensureNumericProperty ( string posting_date ) ) ( string >= ) ( call SW.ensureNumericEntity ( call SW.concat ( date 2004 -1 -1 ) ( date 2010 -1 -1 ) ) ) ) )	overnight-recipes
what recipe is for two meals	( call SW.listValue ( call SW.countComparative ( call SW.getProperty ( call SW.singleton en.recipe ) ( string ! type ) ) ( string meal ) ( string >= ) ( number 2 ) ( call SW.getProperty ( call SW.singleton en.meal ) ( string ! type ) ) ) )	overnight-recipes
what recipe requires highest number of ingredients	( call SW.listValue ( call SW.countSuperlative ( call SW.getProperty ( call SW.singleton en.recipe ) ( string ! type ) ) ( string max ) ( string requires ) ( call SW.getProperty ( call SW.singleton en.ingredient ) ( string ! type ) ) ) )	overnight-recipes
which recipes are for two meals at most	( call SW.listValue ( call SW.countComparative ( call SW.getProperty ( call SW.singleton en.recipe ) ( string ! type ) ) ( string meal ) ( string <= ) ( number 2 ) ( call SW.getProperty ( call SW.singleton en.meal ) ( string ! type ) ) ) )	overnight-recipes
what recipe is fastest cooked	( call SW.listValue ( call SW.superlative ( call SW.getProperty ( call SW.singleton en.recipe ) ( string ! type ) ) ( string min ) ( call SW.ensureNumericProperty ( string cooking_time ) ) ) )	overnight-recipes
what ingrediant is used in the fewest recipes	( call SW.listValue ( call SW.countSuperlative ( call SW.getProperty ( call SW.singleton en.ingredient ) ( string ! type ) ) ( string min ) ( call SW.reverse ( string requires ) ) ( call SW.getProperty ( call SW.singleton en.recipe ) ( string ! type ) ) ) )	overnight-recipes
