what important meetings start at 10am	( call SW.listValue ( call SW.filter ( call SW.filter ( call SW.getProperty ( call SW.singleton en.meeting ) ( string ! type ) ) ( string start_time ) ( string = ) ( time 10 0 ) ) ( string is_important ) ) )	overnight-calendar
what meeting starts before weekly standup ends	( call SW.listValue ( call SW.filter ( call SW.getProperty ( call SW.singleton en.meeting ) ( string ! type ) ) ( call SW.ensureNumericProperty ( string start_time ) ) ( string < ) ( call SW.ensureNumericEntity ( call SW.getProperty en.meeting.weekly_standup ( string end_time ) ) ) ) )	overnight-calendar
what meeting has two locations	( call SW.listValue ( call SW.countComparative ( call SW.getProperty ( call SW.singleton en.meeting ) ( string ! type ) ) ( string location ) ( string <= ) ( number 2 ) ) )	overnight-calendar
show me the meetings which have lasted the longest	( call SW.listValue ( call SW.superlative ( call SW.getProperty ( call SW.singleton en.meeting ) ( string ! type ) ) ( string max ) ( call SW.ensureNumericProperty ( string length ) ) ) )	overnight-calendar
meeting that starts no later than end time of weekly standup	( call SW.listValue ( call SW.filter ( call SW.getProperty ( call SW.singleton en.meeting ) ( string ! type ) ) ( call SW.ensureNumericProperty ( string start_time ) ) ( string <= ) ( call SW.ensureNumericEntity ( call SW.getProperty en.meeting.weekly_standup ( string end_time ) ) ) ) )	overnight-calendar
show me who is attending three hour meetings	( call SW.listValue ( call SW.filter ( call SW.getProperty ( call SW.singleton en.person ) ( string ! type ) ) ( call SW.reverse ( string attendee ) ) ( string = ) ( call SW.filter ( call SW.getProperty ( call SW.singleton en.meeting ) ( string ! type ) ) ( string length ) ( string = ) ( number 3 en.hour ) ) ) )	overnight-calendar
what meeting starts at least at 10am or 3pm	( call SW.listValue ( call SW.filter ( call SW.getProperty ( call SW.singleton en.meeting ) ( string ! type ) ) ( call SW.ensureNumericProperty ( string start_time ) ) ( string >= ) ( call SW.ensureNumericEntity ( call SW.concat ( time 10 0 ) ( time 15 0 ) ) ) ) )	overnight-calendar
what location is most meetings	( call SW.listValue ( call SW.countSuperlative ( call SW.getProperty ( call SW.singleton en.location ) ( string ! type ) ) ( string max ) ( call SW.reverse ( string location ) ) ( call SW.getProperty ( call SW.singleton en.meeting ) ( string ! type ) ) ) )	overnight-calendar
show me all meetings alice attended on january 2nd	( call SW.listValue ( call SW.filter ( call SW.filter ( call SW.getProperty ( call SW.singleton en.meeting ) ( string ! type ) ) ( string attendee ) ( string = ) en.person.alice ) ( string date ) ( string = ) ( date 2015 1 2 ) ) )	overnight-calendar
meeting on january 2nd at 10am	( call SW.listValue ( call SW.filter ( call SW.filter ( call SW.getProperty ( call SW.singleton en.meeting ) ( string ! type ) ) ( string start_time ) ( string = ) ( time 10 0 ) ) ( string date ) ( string = ) ( date 2015 1 2 ) ) )	overnight-calendar
meeting which starts at 10 am on jan 2	( call SW.listValue ( call SW.filter ( call SW.filter ( call SW.getProperty ( call SW.singleton en.meeting ) ( string ! type ) ) ( string date ) ( string = ) ( date 2015 1 2 ) ) ( string start_time ) ( string = ) ( time 10 0 ) ) )	overnight-calendar
what location is the meeting that ends at 10am	( call SW.listValue ( call SW.filter ( call SW.getProperty ( call SW.singleton en.location ) ( string ! type ) ) ( call SW.reverse ( string location ) ) ( string = ) ( call SW.filter ( call SW.getProperty ( call SW.singleton en.meeting ) ( string ! type ) ) ( string end_time ) ( string = ) ( time 10 0 ) ) ) )	overnight-calendar
person attending the most meetings	( call SW.listValue ( call SW.countSuperlative ( call SW.getProperty ( call SW.singleton en.person ) ( string ! type ) ) ( string max ) ( call SW.reverse ( string attendee ) ) ( call SW.getProperty ( call SW.singleton en.meeting ) ( string ! type ) ) ) )	overnight-calendar
meeting starts later than 10am	( call SW.listValue ( call SW.filter ( call SW.getProperty ( call SW.singleton en.meeting ) ( string ! type ) ) ( call SW.ensureNumericProperty ( string start_time ) ) ( string > ) ( call SW.ensureNumericEntity ( time 10 0 ) ) ) )	overnight-calendar
show me meetings that end before the weekly standup starts	( call SW.listValue ( call SW.filter ( call SW.getProperty ( call SW.singleton en.meeting ) ( string ! type ) ) ( call SW.ensureNumericProperty ( string end_time ) ) ( string >= ) ( call SW.ensureNumericEntity ( call SW.getProperty en.meeting.weekly_standup ( string start_time ) ) ) ) )	overnight-calendar
what meeting will take place no later than jan 2	( call SW.listValue ( call SW.filter ( call SW.getProperty ( call SW.singleton en.meeting ) ( string ! type ) ) ( call SW.ensureNumericProperty ( string date ) ) ( string <= ) ( call SW.ensureNumericEntity ( date 2015 1 2 ) ) ) )	overnight-calendar
what meeting has an end time earlier than weekly startup	( call SW.listValue ( call SW.filter ( call SW.getProperty ( call SW.singleton en.meeting ) ( string ! type ) ) ( call SW.ensureNumericProperty ( string end_time ) ) ( string < ) ( call SW.ensureNumericEntity ( call SW.getProperty en.meeting.weekly_standup ( string start_time ) ) ) ) )	overnight-calendar
how many people attended meetings	( call SW.listValue ( call .size ( call SW.getProperty ( call SW.singleton en.person ) ( string ! type ) ) ) )	overnight-calendar
meetings held at greenberg cafe or central office	( call SW.listValue ( call SW.filter ( call SW.getProperty ( call SW.singleton en.meeting ) ( string ! type ) ) ( string location ) ( string = ) ( call SW.concat en.location.greenberg_cafe en.location.central_office ) ) )	overnight-calendar
show me all people who have attended more than two meetings	( call SW.listValue ( call SW.countComparative ( call SW.getProperty ( call SW.singleton en.person ) ( string ! type ) ) ( call SW.reverse ( string attendee ) ) ( string > ) ( number 2 ) ( call SW.getProperty ( call SW.singleton en.meeting ) ( string ! type ) ) ) )	overnight-calendar
show me all meetings marked as important	( call SW.listValue ( call SW.filter ( call SW.getProperty ( call SW.singleton en.meeting ) ( string ! type ) ) ( string is_important ) ) )	overnight-calendar
meetings that end after the weekly startup meeting starts	( call SW.listValue ( call SW.filter ( call SW.getProperty ( call SW.singleton en.meeting ) ( string ! type ) ) ( call SW.ensureNumericProperty ( string end_time ) ) ( string > ) ( call SW.ensureNumericEntity ( call SW.getProperty en.meeting.weekly_standup ( string start_time ) ) ) ) )	overnight-calendar
meetings on january 2	( call SW.listValue ( call SW.filter ( call SW.getProperty ( call SW.singleton en.meeting ) ( string ! type ) ) ( string date ) ( string = ) ( date 2015 1 2 ) ) )	overnight-calendar
meetings that end earlier than the weekly standup meeting	( call SW.listValue ( call SW.filter ( call SW.getProperty ( call SW.singleton en.meeting ) ( string ! type ) ) ( call SW.ensureNumericProperty ( string end_time ) ) ( string < ) ( call SW.ensureNumericEntity ( call SW.getProperty en.meeting.weekly_standup ( string end_time ) ) ) ) )	overnight-calendar
meetings held on or after january 2	( call SW.listValue ( call SW.filter ( call SW.getProperty ( call SW.singleton en.meeting ) ( string ! type ) ) ( call SW.ensureNumericProperty ( string date ) ) ( string >= ) ( call SW.ensureNumericEntity ( date 2015 1 2 ) ) ) )	overnight-calendar
show me all meetings happening on or after the date of the weekly standup	( call SW.listValue ( call SW.filter ( call SW.getProperty ( call SW.singleton en.meeting ) ( string ! type ) ) ( call SW.ensureNumericProperty ( string date ) ) ( string >= ) ( call SW.ensureNumericEntity ( call SW.getProperty en.meeting.weekly_standup ( string date ) ) ) ) )	overnight-calendar
locations of meetings attended by alice	( call SW.listValue ( call SW.filter ( call SW.getProperty ( call SW.singleton en.location ) ( string ! type ) ) ( call SW.reverse ( string location ) ) ( string = ) ( call SW.filter ( call SW.getProperty ( call SW.singleton en.meeting ) ( string ! type ) ) ( string attendee ) ( string = ) en.person.alice ) ) )	overnight-calendar
what meeting is on jan 2 at 10am	( call SW.listValue ( call SW.filter ( call SW.filter ( call SW.getProperty ( call SW.singleton en.meeting ) ( string ! type ) ) ( string date ) ( string = ) ( date 2015 1 2 ) ) ( string start_time ) ( string = ) ( time 10 0 ) ) )	overnight-calendar
show me all meetings beginning at 10 am and all meetings ending at 10 am	( call SW.listValue ( call SW.filter ( call SW.filter ( call SW.getProperty ( call SW.singleton en.meeting ) ( string ! type ) ) ( string end_time ) ( string = ) ( time 10 0 ) ) ( string end_time ) ( string = ) ( time 10 0 ) ) )	overnight-calendar
meetings attended by alice that start at 10am	( call SW.listValue ( call SW.filter ( call SW.filter ( call SW.getProperty ( call SW.singleton en.meeting ) ( string ! type ) ) ( string attendee ) ( string = ) en.person.alice ) ( string start_time ) ( string = ) ( time 10 0 ) ) )	overnight-calendar
meeting starts at 10am or 3pm at the earliest	( call SW.listValue ( call SW.filter ( call SW.getProperty ( call SW.singleton en.meeting ) ( string ! type ) ) ( call SW.ensureNumericProperty ( string start_time ) ) ( string <= ) ( call SW.ensureNumericEntity ( call SW.concat ( time 10 0 ) ( time 15 0 ) ) ) ) )	overnight-calendar
show me all meetings that alice is not attending	( call SW.listValue ( call SW.filter ( call SW.getProperty ( call SW.singleton en.meeting ) ( string ! type ) ) ( string attendee ) ( string ! = ) en.person.alice ) )	overnight-calendar
show me all meetings three hours long which end at 10 am	( call SW.listValue ( call SW.filter ( call SW.filter ( call SW.getProperty ( call SW.singleton en.meeting ) ( string ! type ) ) ( string length ) ( string = ) ( number 3 en.hour ) ) ( string end_time ) ( string = ) ( time 10 0 ) ) )	overnight-calendar
which person is attending an important meeting	( call SW.listValue ( call SW.filter ( call SW.getProperty ( call SW.singleton en.person ) ( string ! type ) ) ( call SW.reverse ( string attendee ) ) ( string = ) ( call SW.filter ( call SW.getProperty ( call SW.singleton en.meeting ) ( string ! type ) ) ( string is_important ) ) ) )	overnight-calendar
show me the meeting starting latest in the day	( call SW.listValue ( call SW.superlative ( call SW.getProperty ( call SW.singleton en.meeting ) ( string ! type ) ) ( string max ) ( call SW.ensureNumericProperty ( string start_time ) ) ) )	overnight-calendar
what is the location of the meeting that will have two or more attendees	( call SW.listValue ( call SW.countComparative ( call SW.getProperty ( call SW.singleton en.location ) ( string ! type ) ) ( call SW.reverse ( string location ) ) ( string >= ) ( number 2 ) ( call SW.getProperty ( call SW.singleton en.meeting ) ( string ! type ) ) ) )	overnight-calendar
january 2nd meeting	( call SW.listValue ( call SW.filter ( call SW.filter ( call SW.getProperty ( call SW.singleton en.meeting ) ( string ! type ) ) ( string date ) ( string = ) ( date 2015 1 2 ) ) ( string date ) ( string = ) ( date 2015 1 2 ) ) )	overnight-calendar
what meeting has a date after jan 2	( call SW.listValue ( call SW.filter ( call SW.getProperty ( call SW.singleton en.meeting ) ( string ! type ) ) ( call SW.ensureNumericProperty ( string date ) ) ( string > ) ( call SW.ensureNumericEntity ( date 2015 1 2 ) ) ) )	overnight-calendar
what meeting has a start time at 10am at greenberg cafe	( call SW.listValue ( call SW.filter ( call SW.filter ( call SW.getProperty ( call SW.singleton en.meeting ) ( string ! type ) ) ( string start_time ) ( string = ) ( time 10 0 ) ) ( string location ) ( string = ) en.location.greenberg_cafe ) )	overnight-calendar
show me all attendees of meetings marked important	( call SW.listValue ( call SW.filter ( call SW.getProperty ( call SW.singleton en.person ) ( string ! type ) ) ( call SW.reverse ( string attendee ) ) ( string = ) ( call SW.filter ( call SW.getProperty ( call SW.singleton en.meeting ) ( string ! type ) ) ( string is_important ) ) ) )	overnight-calendar
how many meetings are there	( call SW.listValue ( call .size ( call SW.getProperty ( call SW.singleton en.meeting ) ( string ! type ) ) ) )	overnight-calendar
show me all attendees of meetings three hours long	( call SW.listValue ( call SW.filter ( call SW.getProperty ( call SW.singleton en.person ) ( string ! type ) ) ( call SW.reverse ( string attendee ) ) ( string = ) ( call SW.filter ( call SW.getProperty ( call SW.singleton en.meeting ) ( string ! type ) ) ( string length ) ( string = ) ( number 3 en.hour ) ) ) )	overnight-calendar
meeting share attendee with weekly standup	( call SW.listValue ( call SW.filter ( call SW.getProperty ( call SW.singleton en.meeting ) ( string ! type ) ) ( string attendee ) ( string = ) ( call SW.getProperty en.meeting.weekly_standup ( string attendee ) ) ) )	overnight-calendar
what meeting no later than that of weekly startup	( call SW.listValue ( call SW.filter ( call SW.getProperty ( call SW.singleton en.meeting ) ( string ! type ) ) ( call SW.ensureNumericProperty ( string date ) ) ( string <= ) ( call SW.ensureNumericEntity ( call SW.getProperty en.meeting.weekly_standup ( string date ) ) ) ) )	overnight-calendar
what meeting is before weekly standup	( call SW.listValue ( call SW.filter ( call SW.getProperty ( call SW.singleton en.meeting ) ( string ! type ) ) ( call SW.ensureNumericProperty ( string date ) ) ( string < ) ( call SW.ensureNumericEntity ( call SW.getProperty en.meeting.weekly_standup ( string date ) ) ) ) )	overnight-calendar
what three hour meeting has alice attending	( call SW.listValue ( call SW.filter ( call SW.filter ( call SW.getProperty ( call SW.singleton en.meeting ) ( string ! type ) ) ( string attendee ) ( string = ) en.person.alice ) ( string length ) ( string = ) ( number 3 en.hour ) ) )	overnight-calendar
show me meetings that start before the weekly standup meeting ends	( call SW.listValue ( call SW.filter ( call SW.getProperty ( call SW.singleton en.meeting ) ( string ! type ) ) ( call SW.ensureNumericProperty ( string start_time ) ) ( string >= ) ( call SW.ensureNumericEntity ( call SW.getProperty en.meeting.weekly_standup ( string end_time ) ) ) ) )	overnight-calendar
which meetings will take as much time as weekly standup	( call SW.listValue ( call SW.filter ( call SW.getProperty ( call SW.singleton en.meeting ) ( string ! type ) ) ( call SW.ensureNumericProperty ( string length ) ) ( string >= ) ( call SW.ensureNumericEntity ( call SW.getProperty en.meeting.weekly_standup ( string length ) ) ) ) )	overnight-calendar
what meetings end at the same time as the weekly roundup meeting	( call SW.listValue ( call SW.filter ( call SW.getProperty ( call SW.singleton en.meeting ) ( string ! type ) ) ( string end_time ) ( string = ) ( call SW.getProperty en.meeting.weekly_standup ( string end_time ) ) ) )	overnight-calendar
what meeting was shorter or longer than three hours	( call SW.listValue ( call SW.filter ( call SW.getProperty ( call SW.singleton en.meeting ) ( string ! type ) ) ( string length ) ( string ! = ) ( number 3 en.hour ) ) )	overnight-calendar
show me the people who attend the most meetings	( call SW.listValue ( call SW.countSuperlative ( call SW.getProperty ( call SW.singleton en.person ) ( string ! type ) ) ( string max ) ( call SW.reverse ( string attendee ) ) ( call SW.getProperty ( call SW.singleton en.meeting ) ( string ! type ) ) ) )	overnight-calendar
what is the number of the location	( call SW.listValue ( call .size ( call SW.getProperty ( call SW.singleton en.location ) ( string ! type ) ) ) )	overnight-calendar
meeting starts before 10am or 3pm	( call SW.listValue ( call SW.filter ( call SW.getProperty ( call SW.singleton en.meeting ) ( string ! type ) ) ( call SW.ensureNumericProperty ( string start_time ) ) ( string < ) ( call SW.ensureNumericEntity ( call SW.concat ( time 10 0 ) ( time 15 0 ) ) ) ) )	overnight-calendar
meetings held before january 3	( call SW.listValue ( call SW.filter ( call SW.getProperty ( call SW.singleton en.meeting ) ( string ! type ) ) ( call SW.ensureNumericProperty ( string date ) ) ( string <= ) ( call SW.ensureNumericEntity ( call SW.concat ( date 2015 1 2 ) ( date 2015 1 3 ) ) ) ) )	overnight-calendar
meetings that end at 10am	( call SW.listValue ( call SW.filter ( call SW.getProperty ( call SW.singleton en.meeting ) ( string ! type ) ) ( string end_time ) ( string = ) ( time 10 0 ) ) )	overnight-calendar
what meeting starts earlier than 10am	( call SW.listValue ( call SW.filter ( call SW.getProperty ( call SW.singleton en.meeting ) ( string ! type ) ) ( call SW.ensureNumericProperty ( string start_time ) ) ( string < ) ( call SW.ensureNumericEntity ( time 10 0 ) ) ) )	overnight-calendar
show me the locations of all meetings three hours in length	( call SW.listValue ( call SW.filter ( call SW.getProperty ( call SW.singleton en.location ) ( string ! type ) ) ( call SW.reverse ( string location ) ) ( string = ) ( call SW.filter ( call SW.getProperty ( call SW.singleton en.meeting ) ( string ! type ) ) ( string length ) ( string = ) ( number 3 en.hour ) ) ) )	overnight-calendar
show me meetings that last three hours	( call SW.listValue ( call SW.filter ( call SW.getProperty ( call SW.singleton en.meeting ) ( string ! type ) ) ( string length ) ( string = ) ( number 3 en.hour ) ) )	overnight-calendar
meetings that are attended by alice and are three hours long	( call SW.listValue ( call SW.filter ( call SW.filter ( call SW.getProperty ( call SW.singleton en.meeting ) ( string ! type ) ) ( string length ) ( string = ) ( number 3 en.hour ) ) ( string attendee ) ( string = ) en.person.alice ) )	overnight-calendar
meetings held before january 2 or january 3	( call SW.listValue ( call SW.filter ( call SW.getProperty ( call SW.singleton en.meeting ) ( string ! type ) ) ( call SW.ensureNumericProperty ( string date ) ) ( string < ) ( call SW.ensureNumericEntity ( call SW.concat ( date 2015 1 2 ) ( date 2015 1 3 ) ) ) ) )	overnight-calendar
meetings at greenberg cafe that end a 10am	( call SW.listValue ( call SW.filter ( call SW.filter ( call SW.getProperty ( call SW.singleton en.meeting ) ( string ! type ) ) ( string end_time ) ( string = ) ( time 10 0 ) ) ( string location ) ( string = ) en.location.greenberg_cafe ) )	overnight-calendar
who is attending the same meeting as alice	( call SW.listValue ( call SW.filter ( call SW.getProperty ( call SW.singleton en.person ) ( string ! type ) ) ( call SW.reverse ( string attendee ) ) ( string = ) ( call SW.filter ( call SW.getProperty ( call SW.singleton en.meeting ) ( string ! type ) ) ( string attendee ) ( string = ) en.person.alice ) ) )	overnight-calendar
how many meetings are scheduled	( call SW.listValue ( call .size ( call SW.getProperty ( call SW.singleton en.meeting ) ( string ! type ) ) ) )	overnight-calendar
what meeting has the later date	( call SW.listValue ( call SW.superlative ( call SW.getProperty ( call SW.singleton en.meeting ) ( string ! type ) ) ( string max ) ( call SW.ensureNumericProperty ( string date ) ) ) )	overnight-calendar
show me all meetings that end after the weekly stand up meeting starts	( call SW.listValue ( call SW.filter ( call SW.getProperty ( call SW.singleton en.meeting ) ( string ! type ) ) ( call SW.ensureNumericProperty ( string end_time ) ) ( string > ) ( call SW.ensureNumericEntity ( call SW.getProperty en.meeting.weekly_standup ( string start_time ) ) ) ) )	overnight-calendar
show me all meetings on the same day as the weekly standup meeting	( call SW.listValue ( call SW.filter ( call SW.getProperty ( call SW.singleton en.meeting ) ( string ! type ) ) ( string date ) ( string = ) ( call SW.getProperty en.meeting.weekly_standup ( string date ) ) ) )	overnight-calendar
show me all meetings happening on or after january 2nd	( call SW.listValue ( call SW.filter ( call SW.getProperty ( call SW.singleton en.meeting ) ( string ! type ) ) ( call SW.ensureNumericProperty ( string date ) ) ( string >= ) ( call SW.ensureNumericEntity ( date 2015 1 2 ) ) ) )	overnight-calendar
who are the attendees for fo the meetings in greenberg cafe	( call SW.listValue ( call SW.filter ( call SW.getProperty ( call SW.singleton en.person ) ( string ! type ) ) ( call SW.reverse ( string attendee ) ) ( string = ) ( call SW.filter ( call SW.getProperty ( call SW.singleton en.meeting ) ( string ! type ) ) ( string location ) ( string = ) en.location.greenberg_cafe ) ) )	overnight-calendar
what meeting is longer than weekly standup	( call SW.listValue ( call SW.filter ( call SW.getProperty ( call SW.singleton en.meeting ) ( string ! type ) ) ( call SW.ensureNumericProperty ( string length ) ) ( string > ) ( call SW.ensureNumericEntity ( call SW.getProperty en.meeting.weekly_standup ( string length ) ) ) ) )	overnight-calendar
what meeting has the shortest time	( call SW.listValue ( call SW.superlative ( call SW.getProperty ( call SW.singleton en.meeting ) ( string ! type ) ) ( string min ) ( call SW.ensureNumericProperty ( string end_time ) ) ) )	overnight-calendar
location features the largest number of meetings	( call SW.listValue ( call SW.countSuperlative ( call SW.getProperty ( call SW.singleton en.location ) ( string ! type ) ) ( string max ) ( call SW.reverse ( string location ) ) ( call SW.getProperty ( call SW.singleton en.meeting ) ( string ! type ) ) ) )	overnight-calendar
what meeting was shorter than three hours	( call SW.listValue ( call SW.filter ( call SW.getProperty ( call SW.singleton en.meeting ) ( string ! type ) ) ( call SW.ensureNumericProperty ( string length ) ) ( string < ) ( call SW.ensureNumericEntity ( call SW.concat ( number 3 en.hour ) ( number 1 en.hour ) ) ) ) )	overnight-calendar
show me all meetings at least one hour or three hours long	( call SW.listValue ( call SW.filter ( call SW.getProperty ( call SW.singleton en.meeting ) ( string ! type ) ) ( call SW.ensureNumericProperty ( string length ) ) ( string >= ) ( call SW.ensureNumericEntity ( call SW.concat ( number 3 en.hour ) ( number 1 en.hour ) ) ) ) )	overnight-calendar
who is at the weekly standup or annual review	( call SW.listValue ( call SW.filter ( call SW.getProperty ( call SW.singleton en.person ) ( string ! type ) ) ( call SW.reverse ( string attendee ) ) ( string = ) ( call SW.concat en.meeting.weekly_standup en.meeting.annual_review ) ) )	overnight-calendar
show me all meetings marked important	( call SW.listValue ( call SW.filter ( call SW.filter ( call SW.getProperty ( call SW.singleton en.meeting ) ( string ! type ) ) ( string is_important ) ) ( string is_important ) ) )	overnight-calendar
location is same as the location of three hours long meeting	( call SW.listValue ( call SW.filter ( call SW.getProperty ( call SW.singleton en.location ) ( string ! type ) ) ( call SW.reverse ( string location ) ) ( string = ) ( call SW.filter ( call SW.getProperty ( call SW.singleton en.meeting ) ( string ! type ) ) ( string length ) ( string = ) ( number 3 en.hour ) ) ) )	overnight-calendar
show me meetings at greenberg cafe on jan 2	( call SW.listValue ( call SW.filter ( call SW.filter ( call SW.getProperty ( call SW.singleton en.meeting ) ( string ! type ) ) ( string location ) ( string = ) en.location.greenberg_cafe ) ( string date ) ( string = ) ( date 2015 1 2 ) ) )	overnight-calendar
meeting in greenberg cafe or central office	( call SW.listValue ( call SW.filter ( call SW.getProperty ( call SW.singleton en.meeting ) ( string ! type ) ) ( string location ) ( string = ) ( call SW.concat en.location.greenberg_cafe en.location.central_office ) ) )	overnight-calendar
what meetings on january 2 end at 10am	( call SW.listValue ( call SW.filter ( call SW.filter ( call SW.getProperty ( call SW.singleton en.meeting ) ( string ! type ) ) ( string end_time ) ( string = ) ( time 10 0 ) ) ( string date ) ( string = ) ( date 2015 1 2 ) ) )	overnight-calendar
what meeting is one hour or longer	( call SW.listValue ( call SW.filter ( call SW.getProperty ( call SW.singleton en.meeting ) ( string ! type ) ) ( call SW.ensureNumericProperty ( string length ) ) ( string >= ) ( call SW.ensureNumericEntity ( call SW.concat ( number 3 en.hour ) ( number 1 en.hour ) ) ) ) )	overnight-calendar
which meeting is scheduled on the earliest date	( call SW.listValue ( call SW.superlative ( call SW.getProperty ( call SW.singleton en.meeting ) ( string ! type ) ) ( string min ) ( call SW.ensureNumericProperty ( string date ) ) ) )	overnight-calendar
meetings that end at or after 10am	( call SW.listValue ( call SW.filter ( call SW.getProperty ( call SW.singleton en.meeting ) ( string ! type ) ) ( call SW.ensureNumericProperty ( string end_time ) ) ( string >= ) ( call SW.ensureNumericEntity ( time 10 0 ) ) ) )	overnight-calendar
what time does the weekly stand up end	( call SW.listValue ( call SW.getProperty en.meeting.weekly_standup ( string end_time ) ) )	overnight-calendar
what meeting is on or before jan 2 or 3rd	( call SW.listValue ( call SW.filter ( call SW.getProperty ( call SW.singleton en.meeting ) ( string ! type ) ) ( call SW.ensureNumericProperty ( string date ) ) ( string <= ) ( call SW.ensureNumericEntity ( call SW.concat ( date 2015 1 2 ) ( date 2015 1 3 ) ) ) ) )	overnight-calendar
what is the location of the important meeting	( call SW.listValue ( call SW.filter ( call SW.getProperty ( call SW.singleton en.location ) ( string ! type ) ) ( call SW.reverse ( string location ) ) ( string = ) ( call SW.filter ( call SW.getProperty ( call SW.singleton en.meeting ) ( string ! type ) ) ( string is_important ) ) ) )	overnight-calendar
show me meetings before january 2nd	( call SW.listValue ( call SW.filter ( call SW.getProperty ( call SW.singleton en.meeting ) ( string ! type ) ) ( call SW.ensureNumericProperty ( string date ) ) ( string < ) ( call SW.ensureNumericEntity ( date 2015 1 2 ) ) ) )	overnight-calendar
meetings that do not end at 10am	( call SW.listValue ( call SW.filter ( call SW.getProperty ( call SW.singleton en.meeting ) ( string ! type ) ) ( string end_time ) ( string ! = ) ( time 10 0 ) ) )	overnight-calendar
what meetings are the same day as the weekly standup meeting	( call SW.listValue ( call SW.filter ( call SW.getProperty ( call SW.singleton en.meeting ) ( string ! type ) ) ( string date ) ( string = ) ( call SW.getProperty en.meeting.weekly_standup ( string date ) ) ) )	overnight-calendar
what meeting has a location at greenberg cafe and starts at 10am	( call SW.listValue ( call SW.filter ( call SW.filter ( call SW.getProperty ( call SW.singleton en.meeting ) ( string ! type ) ) ( string location ) ( string = ) en.location.greenberg_cafe ) ( string start_time ) ( string = ) ( time 10 0 ) ) )	overnight-calendar
show me all meetings shorter than three hours	( call SW.listValue ( call SW.filter ( call SW.getProperty ( call SW.singleton en.meeting ) ( string ! type ) ) ( call SW.ensureNumericProperty ( string length ) ) ( string < ) ( call SW.ensureNumericEntity ( number 3 en.hour ) ) ) )	overnight-calendar
location is greenberg cafe or central office	( call SW.listValue ( call SW.concat en.location.greenberg_cafe en.location.central_office ) )	overnight-calendar
meeting at location of weekly standup	( call SW.listValue ( call SW.filter ( call SW.getProperty ( call SW.singleton en.meeting ) ( string ! type ) ) ( string location ) ( string = ) ( call SW.getProperty en.meeting.weekly_standup ( string location ) ) ) )	overnight-calendar
show me all meetings ending at the same time or earlier than the weekly standup begins	( call SW.listValue ( call SW.filter ( call SW.getProperty ( call SW.singleton en.meeting ) ( string ! type ) ) ( call SW.ensureNumericProperty ( string end_time ) ) ( string <= ) ( call SW.ensureNumericEntity ( call SW.getProperty en.meeting.weekly_standup ( string start_time ) ) ) ) )	overnight-calendar
show me all meetings which begin earlier than 10 am or 3 pm	( call SW.listValue ( call SW.filter ( call SW.getProperty ( call SW.singleton en.meeting ) ( string ! type ) ) ( call SW.ensureNumericProperty ( string start_time ) ) ( string < ) ( call SW.ensureNumericEntity ( call SW.concat ( time 10 0 ) ( time 15 0 ) ) ) ) )	overnight-calendar
show me meetings that take 3 hours and are with alice	( call SW.listValue ( call SW.filter ( call SW.filter ( call SW.getProperty ( call SW.singleton en.meeting ) ( string ! type ) ) ( string length ) ( string = ) ( number 3 en.hour ) ) ( string attendee ) ( string = ) en.person.alice ) )	overnight-calendar
meeting before jan 2	( call SW.listValue ( call SW.filter ( call SW.getProperty ( call SW.singleton en.meeting ) ( string ! type ) ) ( call SW.ensureNumericProperty ( string date ) ) ( string < ) ( call SW.ensureNumericEntity ( date 2015 1 2 ) ) ) )	overnight-calendar
people that attend at least two meetings	( call SW.listValue ( call SW.countComparative ( call SW.getProperty ( call SW.singleton en.person ) ( string ! type ) ) ( call SW.reverse ( string attendee ) ) ( string >= ) ( number 2 ) ( call SW.getProperty ( call SW.singleton en.meeting ) ( string ! type ) ) ) )	overnight-calendar
meeting on jan 2nd with alice as attendee	( call SW.listValue ( call SW.filter ( call SW.filter ( call SW.getProperty ( call SW.singleton en.meeting ) ( string ! type ) ) ( string attendee ) ( string = ) en.person.alice ) ( string date ) ( string = ) ( date 2015 1 2 ) ) )	overnight-calendar
what meeting has an end time smaller than weekly standup	( call SW.listValue ( call SW.filter ( call SW.getProperty ( call SW.singleton en.meeting ) ( string ! type ) ) ( call SW.ensureNumericProperty ( string end_time ) ) ( string < ) ( call SW.ensureNumericEntity ( call SW.getProperty en.meeting.weekly_standup ( string end_time ) ) ) ) )	overnight-calendar
show me all meetings happening on january 2nd or january 3rd	( call SW.listValue ( call SW.filter ( call SW.getProperty ( call SW.singleton en.meeting ) ( string ! type ) ) ( string date ) ( string = ) ( call SW.concat ( date 2015 1 2 ) ( date 2015 1 3 ) ) ) )	overnight-calendar
weekly standup duration	( call SW.listValue ( call SW.getProperty en.meeting.weekly_standup ( string length ) ) )	overnight-calendar
meetings attended by two people	( call SW.listValue ( call SW.countComparative ( call SW.getProperty ( call SW.singleton en.meeting ) ( string ! type ) ) ( string attendee ) ( string = ) ( number 2 ) ) )	overnight-calendar
what meeting has an end time no greater than the end of weekly startup	( call SW.listValue ( call SW.filter ( call SW.getProperty ( call SW.singleton en.meeting ) ( string ! type ) ) ( call SW.ensureNumericProperty ( string end_time ) ) ( string > ) ( call SW.ensureNumericEntity ( call SW.getProperty en.meeting.weekly_standup ( string end_time ) ) ) ) )	overnight-calendar
show me meetings starting before 3pm	( call SW.listValue ( call SW.filter ( call SW.getProperty ( call SW.singleton en.meeting ) ( string ! type ) ) ( call SW.ensureNumericProperty ( string start_time ) ) ( string <= ) ( call SW.ensureNumericEntity ( call SW.concat ( time 10 0 ) ( time 15 0 ) ) ) ) )	overnight-calendar
meetings with the earliest start time	( call SW.listValue ( call SW.superlative ( call SW.getProperty ( call SW.singleton en.meeting ) ( string ! type ) ) ( string min ) ( call SW.ensureNumericProperty ( string start_time ) ) ) )	overnight-calendar
show me all meetings three hours long	( call SW.listValue ( call SW.filter ( call SW.getProperty ( call SW.singleton en.meeting ) ( string ! type ) ) ( string length ) ( string = ) ( number 3 en.hour ) ) )	overnight-calendar
what meeting has an earlier date than jan 2	( call SW.listValue ( call SW.filter ( call SW.getProperty ( call SW.singleton en.meeting ) ( string ! type ) ) ( call SW.ensureNumericProperty ( string date ) ) ( string < ) ( call SW.ensureNumericEntity ( date 2015 1 2 ) ) ) )	overnight-calendar
meetings that are the same length or shorter than the weekly standup meeting	( call SW.listValue ( call SW.filter ( call SW.getProperty ( call SW.singleton en.meeting ) ( string ! type ) ) ( call SW.ensureNumericProperty ( string length ) ) ( string <= ) ( call SW.ensureNumericEntity ( call SW.getProperty en.meeting.weekly_standup ( string length ) ) ) ) )	overnight-calendar
which meeting is scheduled on the latest date	( call SW.listValue ( call SW.superlative ( call SW.getProperty ( call SW.singleton en.meeting ) ( string ! type ) ) ( string max ) ( call SW.ensureNumericProperty ( string date ) ) ) )	overnight-calendar
what meeting starts before 10am or 3pm	( call SW.listValue ( call SW.filter ( call SW.getProperty ( call SW.singleton en.meeting ) ( string ! type ) ) ( call SW.ensureNumericProperty ( string start_time ) ) ( string < ) ( call SW.ensureNumericEntity ( call SW.concat ( time 10 0 ) ( time 15 0 ) ) ) ) )	overnight-calendar
show me all meetings alice is attending which are three hours long	( call SW.listValue ( call SW.filter ( call SW.filter ( call SW.getProperty ( call SW.singleton en.meeting ) ( string ! type ) ) ( string length ) ( string = ) ( number 3 en.hour ) ) ( string attendee ) ( string = ) en.person.alice ) )	overnight-calendar
what person is attending the meeting at greenberg cafe	( call SW.listValue ( call SW.filter ( call SW.getProperty ( call SW.singleton en.person ) ( string ! type ) ) ( call SW.reverse ( string attendee ) ) ( string = ) ( call SW.filter ( call SW.getProperty ( call SW.singleton en.meeting ) ( string ! type ) ) ( string location ) ( string = ) en.location.greenberg_cafe ) ) )	overnight-calendar
show me all meetings attended by people who have also attended the weekly standup	( call SW.listValue ( call SW.filter ( call SW.getProperty ( call SW.singleton en.meeting ) ( string ! type ) ) ( string attendee ) ( string = ) ( call SW.filter ( call SW.getProperty ( call SW.singleton en.person ) ( string ! type ) ) ( call SW.reverse ( string attendee ) ) ( string = ) en.meeting.weekly_standup ) ) )	overnight-calendar
what meeting has the same date as weekly startup	( call SW.listValue ( call SW.filter ( call SW.getProperty ( call SW.singleton en.meeting ) ( string ! type ) ) ( string date ) ( string = ) ( call SW.getProperty en.meeting.weekly_standup ( string date ) ) ) )	overnight-calendar
show me all metings in greenberg cafe that end at 10am	( call SW.listValue ( call SW.filter ( call SW.filter ( call SW.getProperty ( call SW.singleton en.meeting ) ( string ! type ) ) ( string end_time ) ( string = ) ( time 10 0 ) ) ( string location ) ( string = ) en.location.greenberg_cafe ) )	overnight-calendar
when is the weekly standup	( call SW.listValue ( call SW.getProperty en.meeting.weekly_standup ( string start_time ) ) )	overnight-calendar
show me meetings before jan 3	( call SW.listValue ( call SW.filter ( call SW.getProperty ( call SW.singleton en.meeting ) ( string ! type ) ) ( call SW.ensureNumericProperty ( string date ) ) ( string < ) ( call SW.ensureNumericEntity ( call SW.concat ( date 2015 1 2 ) ( date 2015 1 3 ) ) ) ) )	overnight-calendar
show me all meetings ending after 10 am or 3 pm	( call SW.listValue ( call SW.filter ( call SW.getProperty ( call SW.singleton en.meeting ) ( string ! type ) ) ( call SW.ensureNumericProperty ( string end_time ) ) ( string > ) ( call SW.ensureNumericEntity ( call SW.concat ( time 10 0 ) ( time 15 0 ) ) ) ) )	overnight-calendar
meetings that end later than 10am or later than 3pm	( call SW.listValue ( call SW.filter ( call SW.getProperty ( call SW.singleton en.meeting ) ( string ! type ) ) ( call SW.ensureNumericProperty ( string end_time ) ) ( string > ) ( call SW.ensureNumericEntity ( call SW.concat ( time 10 0 ) ( time 15 0 ) ) ) ) )	overnight-calendar
show me all meetings beginning earlier than the weekly standup	( call SW.listValue ( call SW.filter ( call SW.getProperty ( call SW.singleton en.meeting ) ( string ! type ) ) ( call SW.ensureNumericProperty ( string start_time ) ) ( string < ) ( call SW.ensureNumericEntity ( call SW.getProperty en.meeting.weekly_standup ( string start_time ) ) ) ) )	overnight-calendar
meetings attended by alice that are three hours long	( call SW.listValue ( call SW.filter ( call SW.filter ( call SW.getProperty ( call SW.singleton en.meeting ) ( string ! type ) ) ( string attendee ) ( string = ) en.person.alice ) ( string length ) ( string = ) ( number 3 en.hour ) ) )	overnight-calendar
show me all meetings three hours long at the greenberg cafe	( call SW.listValue ( call SW.filter ( call SW.filter ( call SW.getProperty ( call SW.singleton en.meeting ) ( string ! type ) ) ( string length ) ( string = ) ( number 3 en.hour ) ) ( string location ) ( string = ) en.location.greenberg_cafe ) )	overnight-calendar
which meetings dont start at 10am	( call SW.listValue ( call SW.filter ( call SW.getProperty ( call SW.singleton en.meeting ) ( string ! type ) ) ( string start_time ) ( string ! = ) ( time 10 0 ) ) )	overnight-calendar
what meeting ends at 10am and alice is attending	( call SW.listValue ( call SW.filter ( call SW.filter ( call SW.getProperty ( call SW.singleton en.meeting ) ( string ! type ) ) ( string attendee ) ( string = ) en.person.alice ) ( string end_time ) ( string = ) ( time 10 0 ) ) )	overnight-calendar
places that house at least one meeting	( call SW.listValue ( call SW.countSuperlative ( call SW.getProperty ( call SW.singleton en.location ) ( string ! type ) ) ( string min ) ( call SW.reverse ( string location ) ) ( call SW.getProperty ( call SW.singleton en.meeting ) ( string ! type ) ) ) )	overnight-calendar
show me all of the people who did not attend the weekly standup meeting	( call SW.listValue ( call SW.filter ( call SW.getProperty ( call SW.singleton en.person ) ( string ! type ) ) ( call SW.reverse ( string attendee ) ) ( string ! = ) en.meeting.weekly_standup ) )	overnight-calendar
what time does the weekly standup meeting end	( call SW.listValue ( call SW.getProperty en.meeting.weekly_standup ( string end_time ) ) )	overnight-calendar
where is my jan 2 meeting	( call SW.listValue ( call SW.filter ( call SW.getProperty ( call SW.singleton en.location ) ( string ! type ) ) ( call SW.reverse ( string location ) ) ( string = ) ( call SW.filter ( call SW.getProperty ( call SW.singleton en.meeting ) ( string ! type ) ) ( string date ) ( string = ) ( date 2015 1 2 ) ) ) )	overnight-calendar
show me the people attending the most meetings	( call SW.listValue ( call SW.countSuperlative ( call SW.getProperty ( call SW.singleton en.person ) ( string ! type ) ) ( string min ) ( call SW.reverse ( string attendee ) ) ( call SW.getProperty ( call SW.singleton en.meeting ) ( string ! type ) ) ) )	overnight-calendar
people that attend more than two meetings	( call SW.listValue ( call SW.countComparative ( call SW.getProperty ( call SW.singleton en.person ) ( string ! type ) ) ( call SW.reverse ( string attendee ) ) ( string > ) ( number 2 ) ( call SW.getProperty ( call SW.singleton en.meeting ) ( string ! type ) ) ) )	overnight-calendar
she me all meetings with a duration between 1 and 3 hours	( call SW.listValue ( call SW.filter ( call SW.getProperty ( call SW.singleton en.meeting ) ( string ! type ) ) ( call SW.ensureNumericProperty ( string length ) ) ( string <= ) ( call SW.ensureNumericEntity ( call SW.concat ( number 3 en.hour ) ( number 1 en.hour ) ) ) ) )	overnight-calendar
show me meetings which do not conclude at 10am	( call SW.listValue ( call SW.filter ( call SW.getProperty ( call SW.singleton en.meeting ) ( string ! type ) ) ( string end_time ) ( string ! = ) ( time 10 0 ) ) )	overnight-calendar
show me the length of the weekly standup	( call SW.listValue ( call SW.getProperty en.meeting.weekly_standup ( string length ) ) )	overnight-calendar
meeting which starts at 10 am at greenberg cafe	( call SW.listValue ( call SW.filter ( call SW.filter ( call SW.getProperty ( call SW.singleton en.meeting ) ( string ! type ) ) ( string location ) ( string = ) en.location.greenberg_cafe ) ( string start_time ) ( string = ) ( time 10 0 ) ) )	overnight-calendar
meeting which has longest end time	( call SW.listValue ( call SW.superlative ( call SW.getProperty ( call SW.singleton en.meeting ) ( string ! type ) ) ( string max ) ( call SW.ensureNumericProperty ( string end_time ) ) ) )	overnight-calendar
show me all meetings in greenberg cafe that alice is attending	( call SW.listValue ( call SW.filter ( call SW.filter ( call SW.getProperty ( call SW.singleton en.meeting ) ( string ! type ) ) ( string location ) ( string = ) en.location.greenberg_cafe ) ( string attendee ) ( string = ) en.person.alice ) )	overnight-calendar
meetings held later than january 2	( call SW.listValue ( call SW.filter ( call SW.getProperty ( call SW.singleton en.meeting ) ( string ! type ) ) ( call SW.ensureNumericProperty ( string date ) ) ( string > ) ( call SW.ensureNumericEntity ( date 2015 1 2 ) ) ) )	overnight-calendar
what meeting starts at least at 10am	( call SW.listValue ( call SW.filter ( call SW.getProperty ( call SW.singleton en.meeting ) ( string ! type ) ) ( call SW.ensureNumericProperty ( string start_time ) ) ( string >= ) ( call SW.ensureNumericEntity ( time 10 0 ) ) ) )	overnight-calendar
show me meetings for jan 2	( call SW.listValue ( call SW.filter ( call SW.getProperty ( call SW.singleton en.meeting ) ( string ! type ) ) ( string date ) ( string = ) ( date 2015 1 2 ) ) )	overnight-calendar
show me all meetings starting earlier than 10 am	( call SW.listValue ( call SW.filter ( call SW.getProperty ( call SW.singleton en.meeting ) ( string ! type ) ) ( call SW.ensureNumericProperty ( string start_time ) ) ( string < ) ( call SW.ensureNumericEntity ( time 10 0 ) ) ) )	overnight-calendar
meetings that are shorter than three hours or shorter than one hour	( call SW.listValue ( call SW.filter ( call SW.getProperty ( call SW.singleton en.meeting ) ( string ! type ) ) ( call SW.ensureNumericProperty ( string length ) ) ( string < ) ( call SW.ensureNumericEntity ( call SW.concat ( number 3 en.hour ) ( number 1 en.hour ) ) ) ) )	overnight-calendar
meeting that starts and ends at 10am	( call SW.listValue ( call SW.filter ( call SW.filter ( call SW.getProperty ( call SW.singleton en.meeting ) ( string ! type ) ) ( string start_time ) ( string = ) ( time 10 0 ) ) ( string end_time ) ( string = ) ( time 10 0 ) ) )	overnight-calendar
meetings that end before 10am	( call SW.listValue ( call SW.filter ( call SW.getProperty ( call SW.singleton en.meeting ) ( string ! type ) ) ( call SW.ensureNumericProperty ( string end_time ) ) ( string < ) ( call SW.ensureNumericEntity ( time 10 0 ) ) ) )	overnight-calendar
important meetings that are three hours long	( call SW.listValue ( call SW.filter ( call SW.filter ( call SW.getProperty ( call SW.singleton en.meeting ) ( string ! type ) ) ( string length ) ( string = ) ( number 3 en.hour ) ) ( string is_important ) ) )	overnight-calendar
show me all meetings happening on days before the weekly standup	( call SW.listValue ( call SW.filter ( call SW.getProperty ( call SW.singleton en.meeting ) ( string ! type ) ) ( call SW.ensureNumericProperty ( string date ) ) ( string < ) ( call SW.ensureNumericEntity ( call SW.getProperty en.meeting.weekly_standup ( string date ) ) ) ) )	overnight-calendar
meetings that end at or before 10am	( call SW.listValue ( call SW.filter ( call SW.getProperty ( call SW.singleton en.meeting ) ( string ! type ) ) ( call SW.ensureNumericProperty ( string end_time ) ) ( string <= ) ( call SW.ensureNumericEntity ( time 10 0 ) ) ) )	overnight-calendar
show me meetings that start before the weekly standup ends	( call SW.listValue ( call SW.filter ( call SW.getProperty ( call SW.singleton en.meeting ) ( string ! type ) ) ( call SW.ensureNumericProperty ( string start_time ) ) ( string >= ) ( call SW.ensureNumericEntity ( call SW.getProperty en.meeting.weekly_standup ( string end_time ) ) ) ) )	overnight-calendar
show me all meetings with either bob or alice attending	( call SW.listValue ( call SW.filter ( call SW.getProperty ( call SW.singleton en.meeting ) ( string ! type ) ) ( string attendee ) ( string = ) ( call SW.concat en.person.alice en.person.bob ) ) )	overnight-calendar
show me all attendees of meetings ending at 10 am	( call SW.listValue ( call SW.filter ( call SW.getProperty ( call SW.singleton en.person ) ( string ! type ) ) ( call SW.reverse ( string attendee ) ) ( string = ) ( call SW.filter ( call SW.getProperty ( call SW.singleton en.meeting ) ( string ! type ) ) ( string end_time ) ( string = ) ( time 10 0 ) ) ) )	overnight-calendar
show me all meetings ending before 10 am	( call SW.listValue ( call SW.filter ( call SW.getProperty ( call SW.singleton en.meeting ) ( string ! type ) ) ( call SW.ensureNumericProperty ( string end_time ) ) ( string < ) ( call SW.ensureNumericEntity ( time 10 0 ) ) ) )	overnight-calendar
what important meetings are attended by alice	( call SW.listValue ( call SW.filter ( call SW.filter ( call SW.getProperty ( call SW.singleton en.meeting ) ( string ! type ) ) ( string attendee ) ( string = ) en.person.alice ) ( string is_important ) ) )	overnight-calendar
show me all meetings that start earlier than the weekly standup meeting	( call SW.listValue ( call SW.filter ( call SW.getProperty ( call SW.singleton en.meeting ) ( string ! type ) ) ( call SW.ensureNumericProperty ( string start_time ) ) ( string <= ) ( call SW.ensureNumericEntity ( call SW.getProperty en.meeting.weekly_standup ( string start_time ) ) ) ) )	overnight-calendar
which meetings end when weekly standup is scheduled to start	( call SW.listValue ( call SW.filter ( call SW.getProperty ( call SW.singleton en.meeting ) ( string ! type ) ) ( string end_time ) ( string = ) ( call SW.getProperty en.meeting.weekly_standup ( string start_time ) ) ) )	overnight-calendar
show me all meetings beginning no later than 10 am or 3 pm	( call SW.listValue ( call SW.filter ( call SW.getProperty ( call SW.singleton en.meeting ) ( string ! type ) ) ( call SW.ensureNumericProperty ( string start_time ) ) ( string >= ) ( call SW.ensureNumericEntity ( call SW.concat ( time 10 0 ) ( time 15 0 ) ) ) ) )	overnight-calendar
show me all meetings scheduled to be three hours or one hour long	( call SW.listValue ( call SW.concat ( number 3 en.hour ) ( number 1 en.hour ) ) )	overnight-calendar
what meeting has a start time at the end time of weekly standup	( call SW.listValue ( call SW.filter ( call SW.getProperty ( call SW.singleton en.meeting ) ( string ! type ) ) ( string start_time ) ( string = ) ( call SW.getProperty en.meeting.weekly_standup ( string end_time ) ) ) )	overnight-calendar
locations of important meetings	( call SW.listValue ( call SW.filter ( call SW.getProperty ( call SW.singleton en.location ) ( string ! type ) ) ( call SW.reverse ( string location ) ) ( string = ) ( call SW.filter ( call SW.getProperty ( call SW.singleton en.meeting ) ( string ! type ) ) ( string is_important ) ) ) )	overnight-calendar
weekly standup end time	( call SW.listValue ( call SW.getProperty en.meeting.weekly_standup ( string end_time ) ) )	overnight-calendar
locations that house meetings on january 2	( call SW.listValue ( call SW.filter ( call SW.getProperty ( call SW.singleton en.location ) ( string ! type ) ) ( call SW.reverse ( string location ) ) ( string = ) ( call SW.filter ( call SW.getProperty ( call SW.singleton en.meeting ) ( string ! type ) ) ( string date ) ( string = ) ( date 2015 1 2 ) ) ) )	overnight-calendar
meetings that are three hours or less or one hour or less	( call SW.listValue ( call SW.filter ( call SW.getProperty ( call SW.singleton en.meeting ) ( string ! type ) ) ( call SW.ensureNumericProperty ( string length ) ) ( string <= ) ( call SW.ensureNumericEntity ( call SW.concat ( number 3 en.hour ) ( number 1 en.hour ) ) ) ) )	overnight-calendar
show me all meetings which happened at the same location as the least number of meetings	( call SW.listValue ( call SW.countSuperlative ( call SW.getProperty ( call SW.singleton en.location ) ( string ! type ) ) ( string min ) ( call SW.reverse ( string location ) ) ( call SW.getProperty ( call SW.singleton en.meeting ) ( string ! type ) ) ) )	overnight-calendar
meeting longer than one or three hours	( call SW.listValue ( call SW.filter ( call SW.getProperty ( call SW.singleton en.meeting ) ( string ! type ) ) ( call SW.ensureNumericProperty ( string length ) ) ( string > ) ( call SW.ensureNumericEntity ( call SW.concat ( number 3 en.hour ) ( number 1 en.hour ) ) ) ) )	overnight-calendar
show me all attendees of meetings beginning at 10 am	( call SW.listValue ( call SW.filter ( call SW.getProperty ( call SW.singleton en.person ) ( string ! type ) ) ( call SW.reverse ( string attendee ) ) ( string = ) ( call SW.filter ( call SW.getProperty ( call SW.singleton en.meeting ) ( string ! type ) ) ( string start_time ) ( string = ) ( time 10 0 ) ) ) )	overnight-calendar
what meeting starts at the weekly standup average start time	( call SW.listValue ( call SW.filter ( call SW.getProperty ( call SW.singleton en.meeting ) ( string ! type ) ) ( call SW.ensureNumericProperty ( string start_time ) ) ( string <= ) ( call SW.ensureNumericEntity ( call SW.getProperty en.meeting.weekly_standup ( string start_time ) ) ) ) )	overnight-calendar
person attending three hour meeting	( call SW.listValue ( call SW.filter ( call SW.getProperty ( call SW.singleton en.person ) ( string ! type ) ) ( call SW.reverse ( string attendee ) ) ( string = ) ( call SW.filter ( call SW.getProperty ( call SW.singleton en.meeting ) ( string ! type ) ) ( string length ) ( string = ) ( number 3 en.hour ) ) ) )	overnight-calendar
what is the shortest meeting	( call SW.listValue ( call SW.superlative ( call SW.getProperty ( call SW.singleton en.meeting ) ( string ! type ) ) ( string min ) ( call SW.ensureNumericProperty ( string length ) ) ) )	overnight-calendar
what time does the weekly standup meeting end	( call SW.listValue ( call SW.getProperty en.meeting.weekly_standup ( string end_time ) ) )	overnight-calendar
which meetings are scheduled to end at 10am	( call SW.listValue ( call SW.filter ( call SW.getProperty ( call SW.singleton en.meeting ) ( string ! type ) ) ( string end_time ) ( string = ) ( time 10 0 ) ) )	overnight-calendar
what person is attending weekly startup	( call SW.listValue ( call SW.filter ( call SW.getProperty ( call SW.singleton en.person ) ( string ! type ) ) ( call SW.reverse ( string attendee ) ) ( string = ) en.meeting.weekly_standup ) )	overnight-calendar
show me all meetings with lengths that either less or more than three hours	( call SW.listValue ( call SW.filter ( call SW.getProperty ( call SW.singleton en.meeting ) ( string ! type ) ) ( string length ) ( string ! = ) ( number 3 en.hour ) ) )	overnight-calendar
what meetings have the same date as the weekly standup meeting	( call SW.listValue ( call SW.filter ( call SW.getProperty ( call SW.singleton en.meeting ) ( string ! type ) ) ( string date ) ( string = ) ( call SW.getProperty en.meeting.weekly_standup ( string date ) ) ) )	overnight-calendar
duration of meeting	( call SW.listValue ( call SW.aggregate ( string sum ) ( call SW.getProperty ( call SW.getProperty ( call SW.singleton en.meeting ) ( string ! type ) ) ( string length ) ) ) )	overnight-calendar
important meetings attended by alice	( call SW.listValue ( call SW.filter ( call SW.filter ( call SW.getProperty ( call SW.singleton en.meeting ) ( string ! type ) ) ( string is_important ) ) ( string attendee ) ( string = ) en.person.alice ) )	overnight-calendar
what is the location of weekly startup	( call SW.listValue ( call SW.filter ( call SW.filter ( call SW.getProperty ( call SW.singleton en.location ) ( string ! type ) ) ( call SW.reverse ( string location ) ) ( string = ) en.meeting.weekly_standup ) ( call SW.reverse ( string location ) ) ( string = ) en.meeting.weekly_standup ) )	overnight-calendar
show me all meetings happening on days other than january 2nd	( call SW.listValue ( call SW.filter ( call SW.getProperty ( call SW.singleton en.meeting ) ( string ! type ) ) ( string date ) ( string ! = ) ( date 2015 1 2 ) ) )	overnight-calendar
meeting that ends at end time of weekly standup	( call SW.listValue ( call SW.filter ( call SW.getProperty ( call SW.singleton en.meeting ) ( string ! type ) ) ( string end_time ) ( string = ) ( call SW.getProperty en.meeting.weekly_standup ( string end_time ) ) ) )	overnight-calendar
weekly standup start time	( call SW.listValue ( call SW.getProperty en.meeting.weekly_standup ( string start_time ) ) )	overnight-calendar
show me any meetings that are either the weekly standup or annual review	( call SW.listValue ( call SW.concat en.meeting.weekly_standup en.meeting.annual_review ) )	overnight-calendar
meeting starts at 700 am and ends at 000 am	( call SW.listValue ( call SW.filter ( call SW.filter ( call SW.getProperty ( call SW.singleton en.meeting ) ( string ! type ) ) ( string length ) ( string = ) ( number 3 en.hour ) ) ( string end_time ) ( string = ) ( time 10 0 ) ) )	overnight-calendar
what meeting ends ealiest in the day	( call SW.listValue ( call SW.superlative ( call SW.getProperty ( call SW.singleton en.meeting ) ( string ! type ) ) ( string min ) ( call SW.ensureNumericProperty ( string end_time ) ) ) )	overnight-calendar
show me all meetings attended by alice which are three hours long	( call SW.listValue ( call SW.filter ( call SW.filter ( call SW.getProperty ( call SW.singleton en.meeting ) ( string ! type ) ) ( string attendee ) ( string = ) en.person.alice ) ( string length ) ( string = ) ( number 3 en.hour ) ) )	overnight-calendar
what meeting starts at 10am	( call SW.listValue ( call SW.filter ( call SW.filter ( call SW.getProperty ( call SW.singleton en.meeting ) ( string ! type ) ) ( string start_time ) ( string = ) ( time 10 0 ) ) ( string start_time ) ( string = ) ( time 10 0 ) ) )	overnight-calendar
show me meetings happening after jan 2nd	( call SW.listValue ( call SW.filter ( call SW.getProperty ( call SW.singleton en.meeting ) ( string ! type ) ) ( call SW.ensureNumericProperty ( string date ) ) ( string > ) ( call SW.ensureNumericEntity ( date 2015 1 2 ) ) ) )	overnight-calendar
meeting which starts at 1000 am at greenberg cafe	( call SW.listValue ( call SW.filter ( call SW.filter ( call SW.getProperty ( call SW.singleton en.meeting ) ( string ! type ) ) ( string start_time ) ( string = ) ( time 10 0 ) ) ( string location ) ( string = ) en.location.greenberg_cafe ) )	overnight-calendar
what meeting has a start time no later than 10am or 3pm	( call SW.listValue ( call SW.filter ( call SW.getProperty ( call SW.singleton en.meeting ) ( string ! type ) ) ( call SW.ensureNumericProperty ( string start_time ) ) ( string <= ) ( call SW.ensureNumericEntity ( call SW.concat ( time 10 0 ) ( time 15 0 ) ) ) ) )	overnight-calendar
what important meeting has a length of three hours	( call SW.listValue ( call SW.filter ( call SW.filter ( call SW.getProperty ( call SW.singleton en.meeting ) ( string ! type ) ) ( string length ) ( string = ) ( number 3 en.hour ) ) ( string is_important ) ) )	overnight-calendar
which meetings have the same start time as the weekly standup meeting	( call SW.listValue ( call SW.filter ( call SW.getProperty ( call SW.singleton en.meeting ) ( string ! type ) ) ( string start_time ) ( string = ) ( call SW.getProperty en.meeting.weekly_standup ( string start_time ) ) ) )	overnight-calendar
show me all people attending either the weekly standup meeting or annual review	( call SW.listValue ( call SW.filter ( call SW.getProperty ( call SW.singleton en.person ) ( string ! type ) ) ( call SW.reverse ( string attendee ) ) ( string = ) ( call SW.concat en.meeting.weekly_standup en.meeting.annual_review ) ) )	overnight-calendar
show me meetings with the most locations	( call SW.listValue ( call SW.countSuperlative ( call SW.getProperty ( call SW.singleton en.meeting ) ( string ! type ) ) ( string max ) ( string location ) ) )	overnight-calendar
show me all meetings which end at the same time as the weekly standup ends	( call SW.listValue ( call SW.filter ( call SW.getProperty ( call SW.singleton en.meeting ) ( string ! type ) ) ( string end_time ) ( string = ) ( call SW.getProperty en.meeting.weekly_standup ( string end_time ) ) ) )	overnight-calendar
what meeting has a after jan 2 or 3	( call SW.listValue ( call SW.filter ( call SW.getProperty ( call SW.singleton en.meeting ) ( string ! type ) ) ( call SW.ensureNumericProperty ( string date ) ) ( string > ) ( call SW.ensureNumericEntity ( call SW.concat ( date 2015 1 2 ) ( date 2015 1 3 ) ) ) ) )	overnight-calendar
show me meeting locations with alice	( call SW.listValue ( call SW.filter ( call SW.getProperty ( call SW.singleton en.location ) ( string ! type ) ) ( call SW.reverse ( string location ) ) ( string = ) ( call SW.filter ( call SW.getProperty ( call SW.singleton en.meeting ) ( string ! type ) ) ( string attendee ) ( string = ) en.person.alice ) ) )	overnight-calendar
what meeting ends no later than 10am or 3pm	( call SW.listValue ( call SW.filter ( call SW.getProperty ( call SW.singleton en.meeting ) ( string ! type ) ) ( call SW.ensureNumericProperty ( string end_time ) ) ( string <= ) ( call SW.ensureNumericEntity ( call SW.concat ( time 10 0 ) ( time 15 0 ) ) ) ) )	overnight-calendar
what meeting start time is at the end of weekly standup	( call SW.listValue ( call SW.filter ( call SW.getProperty ( call SW.singleton en.meeting ) ( string ! type ) ) ( call SW.ensureNumericProperty ( string start_time ) ) ( string <= ) ( call SW.ensureNumericEntity ( call SW.getProperty en.meeting.weekly_standup ( string end_time ) ) ) ) )	overnight-calendar
meetings that start at 10am or 3pm	( call SW.listValue ( call SW.filter ( call SW.getProperty ( call SW.singleton en.meeting ) ( string ! type ) ) ( string start_time ) ( string = ) ( call SW.concat ( time 10 0 ) ( time 15 0 ) ) ) )	overnight-calendar
meeting whose start time is after end time of weekly standup	( call SW.listValue ( call SW.filter ( call SW.getProperty ( call SW.singleton en.meeting ) ( string ! type ) ) ( call SW.ensureNumericProperty ( string start_time ) ) ( string > ) ( call SW.ensureNumericEntity ( call SW.getProperty en.meeting.weekly_standup ( string end_time ) ) ) ) )	overnight-calendar
show me meetings at greenberg cafe	( call SW.listValue ( call SW.filter ( call SW.filter ( call SW.getProperty ( call SW.singleton en.meeting ) ( string ! type ) ) ( string location ) ( string = ) en.location.greenberg_cafe ) ( string location ) ( string = ) en.location.greenberg_cafe ) )	overnight-calendar
what meetings date is earlier than jan 2 or 3rd	( call SW.listValue ( call SW.filter ( call SW.getProperty ( call SW.singleton en.meeting ) ( string ! type ) ) ( call SW.ensureNumericProperty ( string date ) ) ( string < ) ( call SW.ensureNumericEntity ( call SW.concat ( date 2015 1 2 ) ( date 2015 1 3 ) ) ) ) )	overnight-calendar
show me all meetings attended by either alice or bob	( call SW.listValue ( call SW.filter ( call SW.getProperty ( call SW.singleton en.meeting ) ( string ! type ) ) ( string attendee ) ( string = ) ( call SW.concat en.person.alice en.person.bob ) ) )	overnight-calendar
show me any meetings scheduled to be longer than one hour or three hours	( call SW.listValue ( call SW.filter ( call SW.getProperty ( call SW.singleton en.meeting ) ( string ! type ) ) ( call SW.ensureNumericProperty ( string length ) ) ( string > ) ( call SW.ensureNumericEntity ( call SW.concat ( number 3 en.hour ) ( number 1 en.hour ) ) ) ) )	overnight-calendar
what meeting has two attendees or less	( call SW.listValue ( call SW.countComparative ( call SW.getProperty ( call SW.singleton en.meeting ) ( string ! type ) ) ( string attendee ) ( string <= ) ( number 2 ) ) )	overnight-calendar
show me all meetings which begin after the weekly standup ends	( call SW.listValue ( call SW.filter ( call SW.getProperty ( call SW.singleton en.meeting ) ( string ! type ) ) ( call SW.ensureNumericProperty ( string start_time ) ) ( string >= ) ( call SW.ensureNumericEntity ( call SW.getProperty en.meeting.weekly_standup ( string end_time ) ) ) ) )	overnight-calendar
meeting which is on the date of first weekly standup	( call SW.listValue ( call SW.filter ( call SW.getProperty ( call SW.singleton en.meeting ) ( string ! type ) ) ( call SW.ensureNumericProperty ( string date ) ) ( string >= ) ( call SW.ensureNumericEntity ( call SW.getProperty en.meeting.weekly_standup ( string date ) ) ) ) )	overnight-calendar
show me meeting which end before weekly standup	( call SW.listValue ( call SW.filter ( call SW.getProperty ( call SW.singleton en.meeting ) ( string ! type ) ) ( call SW.ensureNumericProperty ( string end_time ) ) ( string <= ) ( call SW.ensureNumericEntity ( call SW.getProperty en.meeting.weekly_standup ( string start_time ) ) ) ) )	overnight-calendar
what meeting ends before the start of weekly standup	( call SW.listValue ( call SW.filter ( call SW.getProperty ( call SW.singleton en.meeting ) ( string ! type ) ) ( call SW.ensureNumericProperty ( string end_time ) ) ( string < ) ( call SW.ensureNumericEntity ( call SW.getProperty en.meeting.weekly_standup ( string start_time ) ) ) ) )	overnight-calendar
what meeting is no greater than one to three hours	( call SW.listValue ( call SW.filter ( call SW.getProperty ( call SW.singleton en.meeting ) ( string ! type ) ) ( call SW.ensureNumericProperty ( string length ) ) ( string <= ) ( call SW.ensureNumericEntity ( call SW.concat ( number 3 en.hour ) ( number 1 en.hour ) ) ) ) )	overnight-calendar
meetings on january 2 that alice attends	( call SW.listValue ( call SW.filter ( call SW.filter ( call SW.getProperty ( call SW.singleton en.meeting ) ( string ! type ) ) ( string date ) ( string = ) ( date 2015 1 2 ) ) ( string attendee ) ( string = ) en.person.alice ) )	overnight-calendar
what location is not the same as weekly standup	( call SW.listValue ( call SW.filter ( call SW.getProperty ( call SW.singleton en.location ) ( string ! type ) ) ( call SW.reverse ( string location ) ) ( string ! = ) en.meeting.weekly_standup ) )	overnight-calendar
show me the meetings which end no later than the weekly standup ends	( call SW.listValue ( call SW.filter ( call SW.getProperty ( call SW.singleton en.meeting ) ( string ! type ) ) ( call SW.ensureNumericProperty ( string end_time ) ) ( string <= ) ( call SW.ensureNumericEntity ( call SW.getProperty en.meeting.weekly_standup ( string end_time ) ) ) ) )	overnight-calendar
show me all meetings that end at 10am	( call SW.listValue ( call SW.filter ( call SW.filter ( call SW.getProperty ( call SW.singleton en.meeting ) ( string ! type ) ) ( string end_time ) ( string = ) ( time 10 0 ) ) ( string end_time ) ( string = ) ( time 10 0 ) ) )	overnight-calendar
meetings that start after 10am	( call SW.listValue ( call SW.filter ( call SW.getProperty ( call SW.singleton en.meeting ) ( string ! type ) ) ( call SW.ensureNumericProperty ( string start_time ) ) ( string > ) ( call SW.ensureNumericEntity ( time 10 0 ) ) ) )	overnight-calendar
show me all attendees of meetings at the greenberg cafe	( call SW.listValue ( call SW.filter ( call SW.getProperty ( call SW.singleton en.person ) ( string ! type ) ) ( call SW.reverse ( string attendee ) ) ( string = ) ( call SW.filter ( call SW.getProperty ( call SW.singleton en.meeting ) ( string ! type ) ) ( string location ) ( string = ) en.location.greenberg_cafe ) ) )	overnight-calendar
where are the meetings ending at 10am going to be held	( call SW.listValue ( call SW.filter ( call SW.getProperty ( call SW.singleton en.location ) ( string ! type ) ) ( call SW.reverse ( string location ) ) ( string = ) ( call SW.filter ( call SW.getProperty ( call SW.singleton en.meeting ) ( string ! type ) ) ( string end_time ) ( string = ) ( time 10 0 ) ) ) )	overnight-calendar
meetings that end the earliest	( call SW.listValue ( call SW.superlative ( call SW.getProperty ( call SW.singleton en.meeting ) ( string ! type ) ) ( string min ) ( call SW.ensureNumericProperty ( string end_time ) ) ) )	overnight-calendar
weekly standup date	( call SW.listValue ( call SW.getProperty en.meeting.weekly_standup ( string date ) ) )	overnight-calendar
january 2nd or 3rd	( call SW.listValue ( call SW.concat ( date 2015 1 2 ) ( date 2015 1 3 ) ) )	overnight-calendar
what meetings are scheduled to run for 3 hours	( call SW.listValue ( call SW.filter ( call SW.getProperty ( call SW.singleton en.meeting ) ( string ! type ) ) ( call SW.ensureNumericProperty ( string length ) ) ( string >= ) ( call SW.ensureNumericEntity ( number 3 en.hour ) ) ) )	overnight-calendar
show me all meetings attended by people who have also attended the weekly standup meeting	( call SW.listValue ( call SW.filter ( call SW.getProperty ( call SW.singleton en.meeting ) ( string ! type ) ) ( string attendee ) ( string = ) ( call SW.getProperty en.meeting.weekly_standup ( string attendee ) ) ) )	overnight-calendar
show me all meetings starting at the same time as the weekly standup	( call SW.listValue ( call SW.filter ( call SW.getProperty ( call SW.singleton en.meeting ) ( string ! type ) ) ( string start_time ) ( string = ) ( call SW.getProperty en.meeting.weekly_standup ( string start_time ) ) ) )	overnight-calendar
what meeting is at the same location as weekly standup	( call SW.listValue ( call SW.filter ( call SW.getProperty ( call SW.singleton en.meeting ) ( string ! type ) ) ( string location ) ( string = ) ( call SW.getProperty en.meeting.weekly_standup ( string location ) ) ) )	overnight-calendar
show me all meetings that end at 10am and start at 10am	( call SW.listValue ( call SW.filter ( call SW.filter ( call SW.getProperty ( call SW.singleton en.meeting ) ( string ! type ) ) ( string end_time ) ( string = ) ( time 10 0 ) ) ( string start_time ) ( string = ) ( time 10 0 ) ) )	overnight-calendar
show me all meetings that begin at the time the weekly standup meeting ends	( call SW.listValue ( call SW.filter ( call SW.getProperty ( call SW.singleton en.meeting ) ( string ! type ) ) ( string start_time ) ( string = ) ( call SW.getProperty en.meeting.weekly_standup ( string end_time ) ) ) )	overnight-calendar
show me all meetings not ending at 10 am	( call SW.listValue ( call SW.filter ( call SW.getProperty ( call SW.singleton en.meeting ) ( string ! type ) ) ( string end_time ) ( string ! = ) ( time 10 0 ) ) )	overnight-calendar
show me all meetings happening at the same location as the weekly standup	( call SW.listValue ( call SW.filter ( call SW.getProperty ( call SW.singleton en.meeting ) ( string ! type ) ) ( string location ) ( string = ) ( call SW.filter ( call SW.getProperty ( call SW.singleton en.location ) ( string ! type ) ) ( call SW.reverse ( string location ) ) ( string = ) en.meeting.weekly_standup ) ) )	overnight-calendar
show me all meetings marked as important happening at greenberg cafe	( call SW.listValue ( call SW.filter ( call SW.filter ( call SW.getProperty ( call SW.singleton en.meeting ) ( string ! type ) ) ( string is_important ) ) ( string location ) ( string = ) en.location.greenberg_cafe ) )	overnight-calendar
meeting later than january 2nd or 3rd	( call SW.listValue ( call SW.filter ( call SW.getProperty ( call SW.singleton en.meeting ) ( string ! type ) ) ( call SW.ensureNumericProperty ( string date ) ) ( string > ) ( call SW.ensureNumericEntity ( call SW.concat ( date 2015 1 2 ) ( date 2015 1 3 ) ) ) ) )	overnight-calendar
meetings that start before 10am or before 3pm	( call SW.listValue ( call SW.filter ( call SW.getProperty ( call SW.singleton en.meeting ) ( string ! type ) ) ( call SW.ensureNumericProperty ( string start_time ) ) ( string < ) ( call SW.ensureNumericEntity ( call SW.concat ( time 10 0 ) ( time 15 0 ) ) ) ) )	overnight-calendar
show me all 10am meetings that alice is attending	( call SW.listValue ( call SW.filter ( call SW.filter ( call SW.getProperty ( call SW.singleton en.meeting ) ( string ! type ) ) ( string start_time ) ( string = ) ( time 10 0 ) ) ( string attendee ) ( string = ) en.person.alice ) )	overnight-calendar
find me a meeting that is three hours long	( call SW.listValue ( call SW.filter ( call SW.getProperty ( call SW.singleton en.meeting ) ( string ! type ) ) ( string length ) ( string = ) ( number 3 en.hour ) ) )	overnight-calendar
weekly startup attendee	( call SW.listValue ( call SW.getProperty en.meeting.weekly_standup ( string attendee ) ) )	overnight-calendar
meetings attended by the smallest number of people	( call SW.listValue ( call SW.countSuperlative ( call SW.getProperty ( call SW.singleton en.meeting ) ( string ! type ) ) ( string min ) ( string attendee ) ) )	overnight-calendar
important meetings that end at 10am	( call SW.listValue ( call SW.filter ( call SW.filter ( call SW.getProperty ( call SW.singleton en.meeting ) ( string ! type ) ) ( string end_time ) ( string = ) ( time 10 0 ) ) ( string is_important ) ) )	overnight-calendar
show me all meetings on january 2nd beginning at 10 am	( call SW.listValue ( call SW.filter ( call SW.filter ( call SW.getProperty ( call SW.singleton en.meeting ) ( string ! type ) ) ( string date ) ( string = ) ( date 2015 1 2 ) ) ( string start_time ) ( string = ) ( time 10 0 ) ) )	overnight-calendar
meeting of smallest duration	( call SW.listValue ( call SW.superlative ( call SW.getProperty ( call SW.singleton en.meeting ) ( string ! type ) ) ( string min ) ( call SW.ensureNumericProperty ( string end_time ) ) ) )	overnight-calendar
show me all meetings located at greenberg cafe	( call SW.listValue ( call SW.filter ( call SW.filter ( call SW.getProperty ( call SW.singleton en.meeting ) ( string ! type ) ) ( string location ) ( string = ) en.location.greenberg_cafe ) ( string location ) ( string = ) en.location.greenberg_cafe ) )	overnight-calendar
what meeting has the longest time	( call SW.listValue ( call SW.superlative ( call SW.getProperty ( call SW.singleton en.meeting ) ( string ! type ) ) ( string max ) ( call SW.ensureNumericProperty ( string end_time ) ) ) )	overnight-calendar
meeting ends after end time of weekly standup	( call SW.listValue ( call SW.filter ( call SW.getProperty ( call SW.singleton en.meeting ) ( string ! type ) ) ( call SW.ensureNumericProperty ( string end_time ) ) ( string > ) ( call SW.ensureNumericEntity ( call SW.getProperty en.meeting.weekly_standup ( string end_time ) ) ) ) )	overnight-calendar
show me all meetings beginning at 3 pm at latest	( call SW.listValue ( call SW.filter ( call SW.getProperty ( call SW.singleton en.meeting ) ( string ! type ) ) ( call SW.ensureNumericProperty ( string start_time ) ) ( string <= ) ( call SW.ensureNumericEntity ( call SW.concat ( time 10 0 ) ( time 15 0 ) ) ) ) )	overnight-calendar
show me all meetings happening after the weekly standup	( call SW.listValue ( call SW.filter ( call SW.getProperty ( call SW.singleton en.meeting ) ( string ! type ) ) ( call SW.ensureNumericProperty ( string date ) ) ( string > ) ( call SW.ensureNumericEntity ( call SW.getProperty en.meeting.weekly_standup ( string date ) ) ) ) )	overnight-calendar
show me all meetings which end later than 10 am	( call SW.listValue ( call SW.filter ( call SW.getProperty ( call SW.singleton en.meeting ) ( string ! type ) ) ( call SW.ensureNumericProperty ( string end_time ) ) ( string > ) ( call SW.ensureNumericEntity ( time 10 0 ) ) ) )	overnight-calendar
what meeting has the smallest length	( call SW.listValue ( call SW.superlative ( call SW.getProperty ( call SW.singleton en.meeting ) ( string ! type ) ) ( string min ) ( call SW.ensureNumericProperty ( string length ) ) ) )	overnight-calendar
how long is the weekly standup meeting	( call SW.listValue ( call SW.getProperty en.meeting.weekly_standup ( string length ) ) )	overnight-calendar
meetings that end at the same time as or before the weekly standup meeting ends	( call SW.listValue ( call SW.filter ( call SW.getProperty ( call SW.singleton en.meeting ) ( string ! type ) ) ( call SW.ensureNumericProperty ( string end_time ) ) ( string <= ) ( call SW.ensureNumericEntity ( call SW.getProperty en.meeting.weekly_standup ( string end_time ) ) ) ) )	overnight-calendar
meetings held in the same place as the weekly standup meeting	( call SW.listValue ( call SW.filter ( call SW.getProperty ( call SW.singleton en.meeting ) ( string ! type ) ) ( string location ) ( string = ) ( call SW.filter ( call SW.getProperty ( call SW.singleton en.location ) ( string ! type ) ) ( call SW.reverse ( string location ) ) ( string = ) en.meeting.weekly_standup ) ) )	overnight-calendar
meetings that are three hours long and end at 10am	( call SW.listValue ( call SW.filter ( call SW.filter ( call SW.getProperty ( call SW.singleton en.meeting ) ( string ! type ) ) ( string end_time ) ( string = ) ( time 10 0 ) ) ( string length ) ( string = ) ( number 3 en.hour ) ) )	overnight-calendar
important meeting alice is attending	( call SW.listValue ( call SW.filter ( call SW.filter ( call SW.getProperty ( call SW.singleton en.meeting ) ( string ! type ) ) ( string attendee ) ( string = ) en.person.alice ) ( string is_important ) ) )	overnight-calendar
which meeting has the fewest scheduled locations	( call SW.listValue ( call SW.countSuperlative ( call SW.getProperty ( call SW.singleton en.meeting ) ( string ! type ) ) ( string min ) ( string location ) ) )	overnight-calendar
meetings on january 2 that are three hours long	( call SW.listValue ( call SW.filter ( call SW.filter ( call SW.getProperty ( call SW.singleton en.meeting ) ( string ! type ) ) ( string length ) ( string = ) ( number 3 en.hour ) ) ( string date ) ( string = ) ( date 2015 1 2 ) ) )	overnight-calendar
locations of meetings that are three hours long	( call SW.listValue ( call SW.filter ( call SW.getProperty ( call SW.singleton en.location ) ( string ! type ) ) ( call SW.reverse ( string location ) ) ( string = ) ( call SW.filter ( call SW.getProperty ( call SW.singleton en.meeting ) ( string ! type ) ) ( string length ) ( string = ) ( number 3 en.hour ) ) ) )	overnight-calendar
what meetings take place on jan 2 in greenberg cafe	( call SW.listValue ( call SW.filter ( call SW.filter ( call SW.getProperty ( call SW.singleton en.meeting ) ( string ! type ) ) ( string location ) ( string = ) en.location.greenberg_cafe ) ( string date ) ( string = ) ( date 2015 1 2 ) ) )	overnight-calendar
what meeting is not three hours	( call SW.listValue ( call SW.filter ( call SW.getProperty ( call SW.singleton en.meeting ) ( string ! type ) ) ( string length ) ( string ! = ) ( number 3 en.hour ) ) )	overnight-calendar
show me all meetings happening on the same day or before the weekly standup	( call SW.listValue ( call SW.filter ( call SW.getProperty ( call SW.singleton en.meeting ) ( string ! type ) ) ( call SW.ensureNumericProperty ( string date ) ) ( string <= ) ( call SW.ensureNumericEntity ( call SW.getProperty en.meeting.weekly_standup ( string date ) ) ) ) )	overnight-calendar
show me meetings at 10am with alice	( call SW.listValue ( call SW.filter ( call SW.filter ( call SW.getProperty ( call SW.singleton en.meeting ) ( string ! type ) ) ( string start_time ) ( string = ) ( time 10 0 ) ) ( string attendee ) ( string = ) en.person.alice ) )	overnight-calendar
show me everyone who attended meetings also attended by alice	( call SW.listValue ( call SW.filter ( call SW.getProperty ( call SW.singleton en.person ) ( string ! type ) ) ( call SW.reverse ( string attendee ) ) ( string = ) ( call SW.filter ( call SW.getProperty ( call SW.singleton en.meeting ) ( string ! type ) ) ( string attendee ) ( string = ) en.person.alice ) ) )	overnight-calendar
show meetings that start no earlier than the weekly startup meeting	( call SW.listValue ( call SW.filter ( call SW.getProperty ( call SW.singleton en.meeting ) ( string ! type ) ) ( call SW.ensureNumericProperty ( string start_time ) ) ( string >= ) ( call SW.ensureNumericEntity ( call SW.getProperty en.meeting.weekly_standup ( string start_time ) ) ) ) )	overnight-calendar
what is the most recent meeting	( call SW.listValue ( call SW.superlative ( call SW.getProperty ( call SW.singleton en.meeting ) ( string ! type ) ) ( string max ) ( call SW.ensureNumericProperty ( string date ) ) ) )	overnight-calendar
show me the meetings with the latest end times	( call SW.listValue ( call SW.superlative ( call SW.getProperty ( call SW.singleton en.meeting ) ( string ! type ) ) ( string max ) ( call SW.ensureNumericProperty ( string end_time ) ) ) )	overnight-calendar
meetings that start at or before 10am	( call SW.listValue ( call SW.filter ( call SW.getProperty ( call SW.singleton en.meeting ) ( string ! type ) ) ( call SW.ensureNumericProperty ( string start_time ) ) ( string <= ) ( call SW.ensureNumericEntity ( time 10 0 ) ) ) )	overnight-calendar
what meeting does not start at 10am	( call SW.listValue ( call SW.filter ( call SW.getProperty ( call SW.singleton en.meeting ) ( string ! type ) ) ( string start_time ) ( string ! = ) ( time 10 0 ) ) )	overnight-calendar
meetings that end at 10am and start at 10am	( call SW.listValue ( call SW.filter ( call SW.filter ( call SW.getProperty ( call SW.singleton en.meeting ) ( string ! type ) ) ( string end_time ) ( string = ) ( time 10 0 ) ) ( string start_time ) ( string = ) ( time 10 0 ) ) )	overnight-calendar
show me all meetings happening after january 2nd or january 3rd	( call SW.listValue ( call SW.filter ( call SW.getProperty ( call SW.singleton en.meeting ) ( string ! type ) ) ( call SW.ensureNumericProperty ( string date ) ) ( string > ) ( call SW.ensureNumericEntity ( call SW.concat ( date 2015 1 2 ) ( date 2015 1 3 ) ) ) ) )	overnight-calendar
show me all 3 hour meetings with alice	( call SW.listValue ( call SW.filter ( call SW.filter ( call SW.getProperty ( call SW.singleton en.meeting ) ( string ! type ) ) ( string length ) ( string = ) ( number 3 en.hour ) ) ( string attendee ) ( string = ) en.person.alice ) )	overnight-calendar
what meeting has the same location as weekly standup	( call SW.listValue ( call SW.filter ( call SW.getProperty ( call SW.singleton en.meeting ) ( string ! type ) ) ( string location ) ( string = ) ( call SW.filter ( call SW.getProperty ( call SW.singleton en.location ) ( string ! type ) ) ( call SW.reverse ( string location ) ) ( string = ) en.meeting.weekly_standup ) ) )	overnight-calendar
show me all meetings on january 2nd at the greenberg cafe	( call SW.listValue ( call SW.filter ( call SW.filter ( call SW.getProperty ( call SW.singleton en.meeting ) ( string ! type ) ) ( string date ) ( string = ) ( date 2015 1 2 ) ) ( string location ) ( string = ) en.location.greenberg_cafe ) )	overnight-calendar
show me all locations that are used for more than two meetings	( call SW.listValue ( call SW.countComparative ( call SW.getProperty ( call SW.singleton en.location ) ( string ! type ) ) ( call SW.reverse ( string location ) ) ( string > ) ( number 2 ) ( call SW.getProperty ( call SW.singleton en.meeting ) ( string ! type ) ) ) )	overnight-calendar
show me the meeting alice will attend which ends at 10am	( call SW.listValue ( call SW.filter ( call SW.filter ( call SW.getProperty ( call SW.singleton en.meeting ) ( string ! type ) ) ( string end_time ) ( string = ) ( time 10 0 ) ) ( string attendee ) ( string = ) en.person.alice ) )	overnight-calendar
where is the weekly standup	( call SW.listValue ( call SW.filter ( call SW.filter ( call SW.getProperty ( call SW.singleton en.location ) ( string ! type ) ) ( call SW.reverse ( string location ) ) ( string = ) en.meeting.weekly_standup ) ( call SW.reverse ( string location ) ) ( string = ) en.meeting.weekly_standup ) )	overnight-calendar
which meetings are held at greenberg cafe	( call SW.listValue ( call SW.filter ( call SW.getProperty ( call SW.singleton en.meeting ) ( string ! type ) ) ( string location ) ( string = ) en.location.greenberg_cafe ) )	overnight-calendar
meeting occurs on later date than weekly standup	( call SW.listValue ( call SW.filter ( call SW.getProperty ( call SW.singleton en.meeting ) ( string ! type ) ) ( call SW.ensureNumericProperty ( string date ) ) ( string > ) ( call SW.ensureNumericEntity ( call SW.getProperty en.meeting.weekly_standup ( string date ) ) ) ) )	overnight-calendar
show me any meetings alice has attended on january 2nd	( call SW.listValue ( call SW.filter ( call SW.filter ( call SW.getProperty ( call SW.singleton en.meeting ) ( string ! type ) ) ( string date ) ( string = ) ( date 2015 1 2 ) ) ( string attendee ) ( string = ) en.person.alice ) )	overnight-calendar
show me meetings not on jan 2	( call SW.listValue ( call SW.filter ( call SW.getProperty ( call SW.singleton en.meeting ) ( string ! type ) ) ( string date ) ( string ! = ) ( date 2015 1 2 ) ) )	overnight-calendar
who has attended the least meetings	( call SW.listValue ( call SW.countSuperlative ( call SW.getProperty ( call SW.singleton en.person ) ( string ! type ) ) ( string min ) ( call SW.reverse ( string attendee ) ) ( call SW.getProperty ( call SW.singleton en.meeting ) ( string ! type ) ) ) )	overnight-calendar
show me meetings on jan 2 in greenberg cafe	( call SW.listValue ( call SW.filter ( call SW.filter ( call SW.getProperty ( call SW.singleton en.meeting ) ( string ! type ) ) ( string date ) ( string = ) ( date 2015 1 2 ) ) ( string location ) ( string = ) en.location.greenberg_cafe ) )	overnight-calendar
what important meetings are scheduled for jan 2	( call SW.listValue ( call SW.filter ( call SW.filter ( call SW.getProperty ( call SW.singleton en.meeting ) ( string ! type ) ) ( string is_important ) ) ( string date ) ( string = ) ( date 2015 1 2 ) ) )	overnight-calendar
meetings that are not on january 2	( call SW.listValue ( call SW.filter ( call SW.getProperty ( call SW.singleton en.meeting ) ( string ! type ) ) ( string date ) ( string ! = ) ( date 2015 1 2 ) ) )	overnight-calendar
what important meeting started at 10am	( call SW.listValue ( call SW.filter ( call SW.filter ( call SW.getProperty ( call SW.singleton en.meeting ) ( string ! type ) ) ( string is_important ) ) ( string start_time ) ( string = ) ( time 10 0 ) ) )	overnight-calendar
where will weekly standup and annual review take place	( call SW.listValue ( call SW.filter ( call SW.getProperty ( call SW.singleton en.location ) ( string ! type ) ) ( call SW.reverse ( string location ) ) ( string = ) ( call SW.concat en.meeting.weekly_standup en.meeting.annual_review ) ) )	overnight-calendar
what meeting ends at 10am in which alice is attending	( call SW.listValue ( call SW.filter ( call SW.filter ( call SW.getProperty ( call SW.singleton en.meeting ) ( string ! type ) ) ( string end_time ) ( string = ) ( time 10 0 ) ) ( string attendee ) ( string = ) en.person.alice ) )	overnight-calendar
what three hour meeting starts at 10am	( call SW.listValue ( call SW.filter ( call SW.filter ( call SW.getProperty ( call SW.singleton en.meeting ) ( string ! type ) ) ( string start_time ) ( string = ) ( time 10 0 ) ) ( string length ) ( string = ) ( number 3 en.hour ) ) )	overnight-calendar
show me all meeting that begin at 10am	( call SW.listValue ( call SW.filter ( call SW.filter ( call SW.getProperty ( call SW.singleton en.meeting ) ( string ! type ) ) ( string start_time ) ( string = ) ( time 10 0 ) ) ( string start_time ) ( string = ) ( time 10 0 ) ) )	overnight-calendar
which meetings are important	( call SW.listValue ( call SW.filter ( call SW.filter ( call SW.getProperty ( call SW.singleton en.meeting ) ( string ! type ) ) ( string is_important ) ) ( string is_important ) ) )	overnight-calendar
three or one hours	( call SW.listValue ( call SW.concat ( number 3 en.hour ) ( number 1 en.hour ) ) )	overnight-calendar
meetings attended by two or fewer people	( call SW.listValue ( call SW.countComparative ( call SW.getProperty ( call SW.singleton en.meeting ) ( string ! type ) ) ( string attendee ) ( string <= ) ( number 2 ) ) )	overnight-calendar
meeting whose location is same as the  location of weekly standup	( call SW.listValue ( call SW.filter ( call SW.getProperty ( call SW.singleton en.meeting ) ( string ! type ) ) ( string location ) ( string = ) ( call SW.filter ( call SW.getProperty ( call SW.singleton en.location ) ( string ! type ) ) ( call SW.reverse ( string location ) ) ( string = ) en.meeting.weekly_standup ) ) )	overnight-calendar
show me all meetings with at least two people attending	( call SW.listValue ( call SW.countComparative ( call SW.getProperty ( call SW.singleton en.meeting ) ( string ! type ) ) ( string attendee ) ( string >= ) ( number 2 ) ) )	overnight-calendar
what meeting has the length of most weekly startup meetings	( call SW.listValue ( call SW.filter ( call SW.getProperty ( call SW.singleton en.meeting ) ( string ! type ) ) ( call SW.ensureNumericProperty ( string length ) ) ( string <= ) ( call SW.ensureNumericEntity ( call SW.getProperty en.meeting.weekly_standup ( string length ) ) ) ) )	overnight-calendar
meeting with largest number of locations	( call SW.listValue ( call SW.countSuperlative ( call SW.getProperty ( call SW.singleton en.meeting ) ( string ! type ) ) ( string max ) ( string location ) ) )	overnight-calendar
who is attending the greenberg cafe for the meeting	( call SW.listValue ( call SW.filter ( call SW.getProperty ( call SW.singleton en.person ) ( string ! type ) ) ( call SW.reverse ( string attendee ) ) ( string = ) ( call SW.filter ( call SW.getProperty ( call SW.singleton en.meeting ) ( string ! type ) ) ( string location ) ( string = ) en.location.greenberg_cafe ) ) )	overnight-calendar
meetings that do not start at 10am	( call SW.listValue ( call SW.filter ( call SW.getProperty ( call SW.singleton en.meeting ) ( string ! type ) ) ( string start_time ) ( string ! = ) ( time 10 0 ) ) )	overnight-calendar
show me any meetings which end at 10 am	( call SW.listValue ( call SW.filter ( call SW.getProperty ( call SW.singleton en.meeting ) ( string ! type ) ) ( string end_time ) ( string = ) ( time 10 0 ) ) )	overnight-calendar
show me all meetings that alice is attending	( call SW.listValue ( call SW.filter ( call SW.filter ( call SW.getProperty ( call SW.singleton en.meeting ) ( string ! type ) ) ( string attendee ) ( string = ) en.person.alice ) ( string attendee ) ( string = ) en.person.alice ) )	overnight-calendar
show me meetings at fewer than two locations	( call SW.listValue ( call SW.countComparative ( call SW.getProperty ( call SW.singleton en.meeting ) ( string ! type ) ) ( string location ) ( string < ) ( number 2 ) ) )	overnight-calendar
meetings that start after the weekly standup meeting starts	( call SW.listValue ( call SW.filter ( call SW.getProperty ( call SW.singleton en.meeting ) ( string ! type ) ) ( call SW.ensureNumericProperty ( string start_time ) ) ( string > ) ( call SW.ensureNumericEntity ( call SW.getProperty en.meeting.weekly_standup ( string start_time ) ) ) ) )	overnight-calendar
show me all people who have attended at least two meetings	( call SW.listValue ( call SW.countComparative ( call SW.getProperty ( call SW.singleton en.person ) ( string ! type ) ) ( call SW.reverse ( string attendee ) ) ( string >= ) ( number 2 ) ( call SW.getProperty ( call SW.singleton en.meeting ) ( string ! type ) ) ) )	overnight-calendar
what meeting ends 10am or later	( call SW.listValue ( call SW.filter ( call SW.getProperty ( call SW.singleton en.meeting ) ( string ! type ) ) ( call SW.ensureNumericProperty ( string end_time ) ) ( string >= ) ( call SW.ensureNumericEntity ( call SW.concat ( time 10 0 ) ( time 15 0 ) ) ) ) )	overnight-calendar
what is the meeting that starts at 10 am in greenberg cafe	( call SW.listValue ( call SW.filter ( call SW.filter ( call SW.getProperty ( call SW.singleton en.meeting ) ( string ! type ) ) ( string location ) ( string = ) en.location.greenberg_cafe ) ( string start_time ) ( string = ) ( time 10 0 ) ) )	overnight-calendar
meeting which starts at 1000 am	( call SW.listValue ( call SW.filter ( call SW.filter ( call SW.getProperty ( call SW.singleton en.meeting ) ( string ! type ) ) ( string start_time ) ( string = ) ( time 10 0 ) ) ( string start_time ) ( string = ) ( time 10 0 ) ) )	overnight-calendar
show me all meetings not happening at greenberg cafe	( call SW.listValue ( call SW.filter ( call SW.getProperty ( call SW.singleton en.meeting ) ( string ! type ) ) ( string location ) ( string ! = ) en.location.greenberg_cafe ) )	overnight-calendar
what is the average length of a meeting	( call SW.listValue ( call SW.aggregate ( string avg ) ( call SW.getProperty ( call SW.getProperty ( call SW.singleton en.meeting ) ( string ! type ) ) ( string length ) ) ) )	overnight-calendar
show me all meetings ending at 10 am which are scheduled to be three hours long	( call SW.listValue ( call SW.filter ( call SW.filter ( call SW.getProperty ( call SW.singleton en.meeting ) ( string ! type ) ) ( string end_time ) ( string = ) ( time 10 0 ) ) ( string length ) ( string = ) ( number 3 en.hour ) ) )	overnight-calendar
what meeting is on jan 2 or earlier	( call SW.listValue ( call SW.filter ( call SW.getProperty ( call SW.singleton en.meeting ) ( string ! type ) ) ( call SW.ensureNumericProperty ( string date ) ) ( string <= ) ( call SW.ensureNumericEntity ( date 2015 1 2 ) ) ) )	overnight-calendar
show me all meetings three hours long which are marked as important	( call SW.listValue ( call SW.filter ( call SW.filter ( call SW.getProperty ( call SW.singleton en.meeting ) ( string ! type ) ) ( string length ) ( string = ) ( number 3 en.hour ) ) ( string is_important ) ) )	overnight-calendar
show me where the weekly standup and annual review is happening	( call SW.listValue ( call SW.filter ( call SW.getProperty ( call SW.singleton en.location ) ( string ! type ) ) ( call SW.reverse ( string location ) ) ( string = ) ( call SW.concat en.meeting.weekly_standup en.meeting.annual_review ) ) )	overnight-calendar
meetings on january 2 that end at 10am	( call SW.listValue ( call SW.filter ( call SW.filter ( call SW.getProperty ( call SW.singleton en.meeting ) ( string ! type ) ) ( string date ) ( string = ) ( date 2015 1 2 ) ) ( string end_time ) ( string = ) ( time 10 0 ) ) )	overnight-calendar
meetings that are the same length as or longer than the weekly standup meeting	( call SW.listValue ( call SW.filter ( call SW.getProperty ( call SW.singleton en.meeting ) ( string ! type ) ) ( call SW.ensureNumericProperty ( string length ) ) ( string >= ) ( call SW.ensureNumericEntity ( call SW.getProperty en.meeting.weekly_standup ( string length ) ) ) ) )	overnight-calendar
three hour meeting that ends at 10am	( call SW.listValue ( call SW.filter ( call SW.filter ( call SW.getProperty ( call SW.singleton en.meeting ) ( string ! type ) ) ( string end_time ) ( string = ) ( time 10 0 ) ) ( string length ) ( string = ) ( number 3 en.hour ) ) )	overnight-calendar
show me all meetings not beginning at 10 am	( call SW.listValue ( call SW.filter ( call SW.getProperty ( call SW.singleton en.meeting ) ( string ! type ) ) ( string start_time ) ( string ! = ) ( time 10 0 ) ) )	overnight-calendar
show me all meetings beginning later than the weekly standup	( call SW.listValue ( call SW.filter ( call SW.getProperty ( call SW.singleton en.meeting ) ( string ! type ) ) ( call SW.ensureNumericProperty ( string start_time ) ) ( string > ) ( call SW.ensureNumericEntity ( call SW.getProperty en.meeting.weekly_standup ( string start_time ) ) ) ) )	overnight-calendar
which meetings end at 10am	( call SW.listValue ( call SW.filter ( call SW.filter ( call SW.getProperty ( call SW.singleton en.meeting ) ( string ! type ) ) ( string end_time ) ( string = ) ( time 10 0 ) ) ( string end_time ) ( string = ) ( time 10 0 ) ) )	overnight-calendar
what meeting ending at 10am is alice attending	( call SW.listValue ( call SW.filter ( call SW.filter ( call SW.getProperty ( call SW.singleton en.meeting ) ( string ! type ) ) ( string attendee ) ( string = ) en.person.alice ) ( string end_time ) ( string = ) ( time 10 0 ) ) )	overnight-calendar
who attends the most meetings	( call SW.listValue ( call SW.countSuperlative ( call SW.getProperty ( call SW.singleton en.person ) ( string ! type ) ) ( string max ) ( call SW.reverse ( string attendee ) ) ( call SW.getProperty ( call SW.singleton en.meeting ) ( string ! type ) ) ) )	overnight-calendar
who is attending weekly standup	( call SW.listValue ( call SW.getProperty en.meeting.weekly_standup ( string attendee ) ) )	overnight-calendar
show me all meetings that share an attendee with the weekly standup meeting	( call SW.listValue ( call SW.filter ( call SW.getProperty ( call SW.singleton en.meeting ) ( string ! type ) ) ( string attendee ) ( string = ) ( call SW.filter ( call SW.getProperty ( call SW.singleton en.person ) ( string ! type ) ) ( call SW.reverse ( string attendee ) ) ( string = ) en.meeting.weekly_standup ) ) )	overnight-calendar
show me all meetings on january 2nd happening at the greenberg cafe	( call SW.listValue ( call SW.filter ( call SW.filter ( call SW.getProperty ( call SW.singleton en.meeting ) ( string ! type ) ) ( string location ) ( string = ) en.location.greenberg_cafe ) ( string date ) ( string = ) ( date 2015 1 2 ) ) )	overnight-calendar
when does the weekly standup meeting begin	( call SW.listValue ( call SW.getProperty en.meeting.weekly_standup ( string start_time ) ) )	overnight-calendar
meeting which ends at or after the end time of weekly standup	( call SW.listValue ( call SW.filter ( call SW.getProperty ( call SW.singleton en.meeting ) ( string ! type ) ) ( call SW.ensureNumericProperty ( string end_time ) ) ( string >= ) ( call SW.ensureNumericEntity ( call SW.getProperty en.meeting.weekly_standup ( string end_time ) ) ) ) )	overnight-calendar
who is the person attending the weekly stand up meeting	( call SW.listValue ( call SW.filter ( call SW.filter ( call SW.getProperty ( call SW.singleton en.person ) ( string ! type ) ) ( call SW.reverse ( string attendee ) ) ( string = ) en.meeting.weekly_standup ) ( call SW.reverse ( string attendee ) ) ( string = ) en.meeting.weekly_standup ) )	overnight-calendar
show me all meetings alice has attended which have ended at 10 am	( call SW.listValue ( call SW.filter ( call SW.filter ( call SW.getProperty ( call SW.singleton en.meeting ) ( string ! type ) ) ( string attendee ) ( string = ) en.person.alice ) ( string end_time ) ( string = ) ( time 10 0 ) ) )	overnight-calendar
show me all locations which have had at least two meetings	( call SW.listValue ( call SW.countComparative ( call SW.getProperty ( call SW.singleton en.location ) ( string ! type ) ) ( call SW.reverse ( string location ) ) ( string >= ) ( number 2 ) ( call SW.getProperty ( call SW.singleton en.meeting ) ( string ! type ) ) ) )	overnight-calendar
show me average meeting length	( call SW.listValue ( call SW.aggregate ( string avg ) ( call SW.getProperty ( call SW.getProperty ( call SW.singleton en.meeting ) ( string ! type ) ) ( string length ) ) ) )	overnight-calendar
show me meetings that take 3 hours	( call SW.listValue ( call SW.filter ( call SW.filter ( call SW.getProperty ( call SW.singleton en.meeting ) ( string ! type ) ) ( string length ) ( string = ) ( number 3 en.hour ) ) ( string length ) ( string = ) ( number 3 en.hour ) ) )	overnight-calendar
what important meeting has a location at greenberg cafe	( call SW.listValue ( call SW.filter ( call SW.filter ( call SW.getProperty ( call SW.singleton en.meeting ) ( string ! type ) ) ( string is_important ) ) ( string location ) ( string = ) en.location.greenberg_cafe ) )	overnight-calendar
meetings that start later than or at the same time as the weekly standup meeting	( call SW.listValue ( call SW.filter ( call SW.getProperty ( call SW.singleton en.meeting ) ( string ! type ) ) ( call SW.ensureNumericProperty ( string start_time ) ) ( string >= ) ( call SW.ensureNumericEntity ( call SW.getProperty en.meeting.weekly_standup ( string start_time ) ) ) ) )	overnight-calendar
meetings that end at or after the weekly standup meeting ends	( call SW.listValue ( call SW.filter ( call SW.getProperty ( call SW.singleton en.meeting ) ( string ! type ) ) ( call SW.ensureNumericProperty ( string end_time ) ) ( string >= ) ( call SW.ensureNumericEntity ( call SW.getProperty en.meeting.weekly_standup ( string end_time ) ) ) ) )	overnight-calendar
meeting does not start at 10am	( call SW.listValue ( call SW.filter ( call SW.getProperty ( call SW.singleton en.meeting ) ( string ! type ) ) ( string start_time ) ( string ! = ) ( time 10 0 ) ) )	overnight-calendar
show me all meetings that start later than 10 am	( call SW.listValue ( call SW.filter ( call SW.getProperty ( call SW.singleton en.meeting ) ( string ! type ) ) ( call SW.ensureNumericProperty ( string start_time ) ) ( string > ) ( call SW.ensureNumericEntity ( time 10 0 ) ) ) )	overnight-calendar
show me all meetings that start no earlier than 10am	( call SW.listValue ( call SW.filter ( call SW.getProperty ( call SW.singleton en.meeting ) ( string ! type ) ) ( call SW.ensureNumericProperty ( string start_time ) ) ( string >= ) ( call SW.ensureNumericEntity ( time 10 0 ) ) ) )	overnight-calendar
meetings that end at the time when the weekly standup meeting starts	( call SW.listValue ( call SW.filter ( call SW.getProperty ( call SW.singleton en.meeting ) ( string ! type ) ) ( string end_time ) ( string = ) ( call SW.getProperty en.meeting.weekly_standup ( string start_time ) ) ) )	overnight-calendar
where is the important meeting being held	( call SW.listValue ( call SW.filter ( call SW.getProperty ( call SW.singleton en.location ) ( string ! type ) ) ( call SW.reverse ( string location ) ) ( string = ) ( call SW.filter ( call SW.getProperty ( call SW.singleton en.meeting ) ( string ! type ) ) ( string is_important ) ) ) )	overnight-calendar
meeting which starts before the start time of weekly standup	( call SW.listValue ( call SW.filter ( call SW.getProperty ( call SW.singleton en.meeting ) ( string ! type ) ) ( call SW.ensureNumericProperty ( string start_time ) ) ( string >= ) ( call SW.ensureNumericEntity ( call SW.getProperty en.meeting.weekly_standup ( string start_time ) ) ) ) )	overnight-calendar
show me all meetings in greenberg cafe or central office	( call SW.listValue ( call SW.filter ( call SW.getProperty ( call SW.singleton en.meeting ) ( string ! type ) ) ( string location ) ( string = ) ( call SW.concat en.location.greenberg_cafe en.location.central_office ) ) )	overnight-calendar
show me all meetings which alice has attended that end at 10 am	( call SW.listValue ( call SW.filter ( call SW.filter ( call SW.getProperty ( call SW.singleton en.meeting ) ( string ! type ) ) ( string end_time ) ( string = ) ( time 10 0 ) ) ( string attendee ) ( string = ) en.person.alice ) )	overnight-calendar
location of at least two meetings is the location	( call SW.listValue ( call SW.countComparative ( call SW.getProperty ( call SW.singleton en.location ) ( string ! type ) ) ( call SW.reverse ( string location ) ) ( string >= ) ( number 2 ) ( call SW.getProperty ( call SW.singleton en.meeting ) ( string ! type ) ) ) )	overnight-calendar
what meeting is not located at greenberg cafe	( call SW.listValue ( call SW.filter ( call SW.getProperty ( call SW.singleton en.meeting ) ( string ! type ) ) ( string location ) ( string ! = ) en.location.greenberg_cafe ) )	overnight-calendar
