articles written by efron cites	( call SW.listValue ( call SW.filter ( call SW.getProperty ( call SW.singleton en.article ) ( string ! type ) ) ( call SW.reverse ( string cites ) ) ( string = ) ( call SW.filter ( call SW.getProperty ( call SW.singleton en.article ) ( string ! type ) ) ( string author ) ( string = ) en.person.efron ) ) )
what article has the least venues	( call SW.listValue ( call SW.countSuperlative ( call SW.getProperty ( call SW.singleton en.article ) ( string ! type ) ) ( string min ) ( string venue ) ) )
articles citing multivariate data analysis published in annals of statistics	( call SW.listValue ( call SW.filter ( call SW.filter ( call SW.getProperty ( call SW.singleton en.article ) ( string ! type ) ) ( string cites ) ( string = ) en.article.multivariate_data_analysis ) ( string venue ) ( string = ) en.venue.annals_of_statistics ) )
what article is not cited in multivariate data analysis	( call SW.listValue ( call SW.filter ( call SW.getProperty ( call SW.singleton en.article ) ( string ! type ) ) ( call SW.reverse ( string cites ) ) ( string ! = ) en.article.multivariate_data_analysis ) )
articles written by efron or lakoff	( call SW.listValue ( call SW.filter ( call SW.getProperty ( call SW.singleton en.article ) ( string ! type ) ) ( string author ) ( string = ) ( call SW.concat en.person.efron en.person.lakoff ) ) )
articles cited by multivariate data analysis and written by efron	( call SW.listValue ( call SW.filter ( call SW.filter ( call SW.getProperty ( call SW.singleton en.article ) ( string ! type ) ) ( call SW.reverse ( string cites ) ) ( string = ) en.article.multivariate_data_analysis ) ( string author ) ( string = ) en.person.efron ) )
name an article about multivariate data analysis from the annals of statistics	( call SW.listValue ( call SW.filter ( call SW.filter ( call SW.getProperty ( call SW.singleton en.article ) ( string ! type ) ) ( string cites ) ( string = ) en.article.multivariate_data_analysis ) ( string venue ) ( string = ) en.venue.annals_of_statistics ) )
who wrote an article citing multivariate data analysis	( call SW.listValue ( call SW.filter ( call SW.getProperty ( call SW.singleton en.person ) ( string ! type ) ) ( call SW.reverse ( string author ) ) ( string = ) ( call SW.filter ( call SW.getProperty ( call SW.singleton en.article ) ( string ! type ) ) ( call SW.reverse ( string cites ) ) ( string = ) en.article.multivariate_data_analysis ) ) )
articles that cite articles published in 2004	( call SW.listValue ( call SW.filter ( call SW.getProperty ( call SW.singleton en.article ) ( string ! type ) ) ( string cites ) ( string = ) ( call SW.filter ( call SW.getProperty ( call SW.singleton en.article ) ( string ! type ) ) ( string publication_date ) ( string = ) ( date 2004 -1 -1 ) ) ) )
articles published contemporaneous to or after the multivariate data analysis	( call SW.listValue ( call SW.filter ( call SW.getProperty ( call SW.singleton en.article ) ( string ! type ) ) ( call SW.ensureNumericProperty ( string publication_date ) ) ( string >= ) ( call SW.ensureNumericEntity ( call SW.getProperty en.article.multivariate_data_analysis ( string publication_date ) ) ) ) )
articles cited by articles in annals of statistics	( call SW.listValue ( call SW.filter ( call SW.getProperty ( call SW.singleton en.article ) ( string ! type ) ) ( call SW.reverse ( string cites ) ) ( string = ) ( call SW.filter ( call SW.getProperty ( call SW.singleton en.article ) ( string ! type ) ) ( string venue ) ( string = ) en.venue.annals_of_statistics ) ) )
what is the newest published article	( call SW.listValue ( call SW.superlative ( call SW.getProperty ( call SW.singleton en.article ) ( string ! type ) ) ( string max ) ( call SW.ensureNumericProperty ( string publication_date ) ) ) )
author of more than two articles	( call SW.listValue ( call SW.countComparative ( call SW.getProperty ( call SW.singleton en.person ) ( string ! type ) ) ( call SW.reverse ( string author ) ) ( string > ) ( number 2 ) ( call SW.getProperty ( call SW.singleton en.article ) ( string ! type ) ) ) )
articles published before 2004	( call SW.listValue ( call SW.filter ( call SW.getProperty ( call SW.singleton en.article ) ( string ! type ) ) ( call SW.ensureNumericProperty ( string publication_date ) ) ( string < ) ( call SW.ensureNumericEntity ( date 2004 -1 -1 ) ) ) )
name an article not published in 2004	( call SW.listValue ( call SW.filter ( call SW.getProperty ( call SW.singleton en.article ) ( string ! type ) ) ( call SW.reverse ( string cites ) ) ( string = ) ( call SW.filter ( call SW.getProperty ( call SW.singleton en.article ) ( string ! type ) ) ( string publication_date ) ( string = ) ( date 2004 -1 -1 ) ) ) )
what article cites a 2004 article	( call SW.listValue ( call SW.filter ( call SW.getProperty ( call SW.singleton en.article ) ( string ! type ) ) ( call SW.reverse ( string cites ) ) ( string = ) ( call SW.filter ( call SW.getProperty ( call SW.singleton en.article ) ( string ! type ) ) ( string publication_date ) ( string = ) ( date 2004 -1 -1 ) ) ) )
articles cited by award winning articles	( call SW.listValue ( call SW.filter ( call SW.getProperty ( call SW.singleton en.article ) ( string ! type ) ) ( call SW.reverse ( string cites ) ) ( string = ) ( call SW.filter ( call SW.getProperty ( call SW.singleton en.article ) ( string ! type ) ) ( string won_award ) ) ) )
article citing multivariate data analysis published in annals of statistics	( call SW.listValue ( call SW.filter ( call SW.filter ( call SW.getProperty ( call SW.singleton en.article ) ( string ! type ) ) ( string venue ) ( string = ) en.venue.annals_of_statistics ) ( call SW.reverse ( string cites ) ) ( string = ) en.article.multivariate_data_analysis ) )
articles with more than two authors	( call SW.listValue ( call SW.countComparative ( call SW.getProperty ( call SW.singleton en.article ) ( string ! type ) ) ( string author ) ( string > ) ( number 2 ) ) )
articles written by efron and published in the annals of statistics	( call SW.listValue ( call SW.filter ( call SW.filter ( call SW.getProperty ( call SW.singleton en.article ) ( string ! type ) ) ( string author ) ( string = ) en.person.efron ) ( string venue ) ( string = ) en.venue.annals_of_statistics ) )
how many people	( call SW.listValue ( call .size ( call SW.getProperty ( call SW.singleton en.person ) ( string ! type ) ) ) )
award winning article published by efron	( call SW.listValue ( call SW.filter ( call SW.filter ( call SW.getProperty ( call SW.singleton en.article ) ( string ! type ) ) ( string author ) ( string = ) en.person.efron ) ( string won_award ) ) )
what article cites other articles about annals of statistics	( call SW.listValue ( call SW.filter ( call SW.getProperty ( call SW.singleton en.article ) ( string ! type ) ) ( string cites ) ( string = ) ( call SW.filter ( call SW.getProperty ( call SW.singleton en.article ) ( string ! type ) ) ( string venue ) ( string = ) en.venue.annals_of_statistics ) ) )
articles that do not cite multivariate data analysis	( call SW.listValue ( call SW.filter ( call SW.getProperty ( call SW.singleton en.article ) ( string ! type ) ) ( string cites ) ( string ! = ) en.article.multivariate_data_analysis ) )
article that cites multivariate data analysis that is published in 2004	( call SW.listValue ( call SW.filter ( call SW.filter ( call SW.getProperty ( call SW.singleton en.article ) ( string ! type ) ) ( string cites ) ( string = ) en.article.multivariate_data_analysis ) ( string publication_date ) ( string = ) ( date 2004 -1 -1 ) ) )
article written by more than two authors	( call SW.listValue ( call SW.countComparative ( call SW.getProperty ( call SW.singleton en.article ) ( string ! type ) ) ( string author ) ( string > ) ( number 2 ) ) )
article published in 2004 or 2010	( call SW.listValue ( call SW.filter ( call SW.getProperty ( call SW.singleton en.article ) ( string ! type ) ) ( string publication_date ) ( string = ) ( call SW.concat ( date 2004 -1 -1 ) ( date 2010 -1 -1 ) ) ) )
articles published except in 2004	( call SW.listValue ( call SW.filter ( call SW.getProperty ( call SW.singleton en.article ) ( string ! type ) ) ( string publication_date ) ( string ! = ) ( date 2004 -1 -1 ) ) )
what is the persons number	( call SW.listValue ( call .size ( call SW.getProperty ( call SW.singleton en.person ) ( string ! type ) ) ) )
what person wrote articles than won an award	( call SW.listValue ( call SW.filter ( call SW.getProperty ( call SW.singleton en.person ) ( string ! type ) ) ( call SW.reverse ( string author ) ) ( string = ) ( call SW.filter ( call SW.getProperty ( call SW.singleton en.article ) ( string ! type ) ) ( string won_award ) ) ) )
multivariate data analysis cited articles	( call SW.listValue ( call SW.filter ( call SW.getProperty ( call SW.singleton en.article ) ( string ! type ) ) ( string cites ) ( string = ) en.article.multivariate_data_analysis ) )
articles that were not published in 2004	( call SW.listValue ( call SW.filter ( call SW.getProperty ( call SW.singleton en.article ) ( string ! type ) ) ( string publication_date ) ( string ! = ) ( date 2004 -1 -1 ) ) )
what article was published in 2004	( call SW.listValue ( call SW.filter ( call SW.filter ( call SW.getProperty ( call SW.singleton en.article ) ( string ! type ) ) ( string publication_date ) ( string = ) ( date 2004 -1 -1 ) ) ( string publication_date ) ( string = ) ( date 2004 -1 -1 ) ) )
what article has the most venues	( call SW.listValue ( call SW.countSuperlative ( call SW.getProperty ( call SW.singleton en.article ) ( string ! type ) ) ( string max ) ( string venue ) ) )
find an author of an article in annals of statistics	( call SW.listValue ( call SW.filter ( call SW.getProperty ( call SW.singleton en.person ) ( string ! type ) ) ( call SW.reverse ( string author ) ) ( string = ) ( call SW.filter ( call SW.getProperty ( call SW.singleton en.article ) ( string ! type ) ) ( string venue ) ( string = ) en.venue.annals_of_statistics ) ) )
what is the earliest published article	( call SW.listValue ( call SW.superlative ( call SW.getProperty ( call SW.singleton en.article ) ( string ! type ) ) ( string min ) ( call SW.ensureNumericProperty ( string publication_date ) ) ) )
what article cites the fewest articles	( call SW.listValue ( call SW.countSuperlative ( call SW.getProperty ( call SW.singleton en.article ) ( string ! type ) ) ( string min ) ( string cites ) ( call SW.getProperty ( call SW.singleton en.article ) ( string ! type ) ) ) )
name an article about multivariate data analysis by the author efron	( call SW.listValue ( call SW.filter ( call SW.filter ( call SW.getProperty ( call SW.singleton en.article ) ( string ! type ) ) ( string author ) ( string = ) en.person.efron ) ( call SW.reverse ( string cites ) ) ( string = ) en.article.multivariate_data_analysis ) )
articles cited by multivariate data analysis and published in annals of statistics	( call SW.listValue ( call SW.filter ( call SW.filter ( call SW.getProperty ( call SW.singleton en.article ) ( string ! type ) ) ( call SW.reverse ( string cites ) ) ( string = ) en.article.multivariate_data_analysis ) ( string venue ) ( string = ) en.venue.annals_of_statistics ) )
articles cited by fewer than two articles	( call SW.listValue ( call SW.countComparative ( call SW.getProperty ( call SW.singleton en.article ) ( string ! type ) ) ( call SW.reverse ( string cites ) ) ( string < ) ( number 2 ) ( call SW.getProperty ( call SW.singleton en.article ) ( string ! type ) ) ) )
article that was awarded	( call SW.listValue ( call SW.filter ( call SW.filter ( call SW.getProperty ( call SW.singleton en.article ) ( string ! type ) ) ( string won_award ) ) ( string won_award ) ) )
what article was written by efron and cities multivariate data analysis	( call SW.listValue ( call SW.filter ( call SW.filter ( call SW.getProperty ( call SW.singleton en.article ) ( string ! type ) ) ( string cites ) ( string = ) en.article.multivariate_data_analysis ) ( string author ) ( string = ) en.person.efron ) )
who has authored the least articles	( call SW.listValue ( call SW.countSuperlative ( call SW.getProperty ( call SW.singleton en.person ) ( string ! type ) ) ( string min ) ( call SW.reverse ( string author ) ) ( call SW.getProperty ( call SW.singleton en.article ) ( string ! type ) ) ) )
articles that mention two or more cities	( call SW.listValue ( call SW.countComparative ( call SW.getProperty ( call SW.singleton en.article ) ( string ! type ) ) ( call SW.reverse ( string cites ) ) ( string >= ) ( number 2 ) ( call SW.getProperty ( call SW.singleton en.article ) ( string ! type ) ) ) )
how many journals are there	( call SW.listValue ( call .size ( call SW.getProperty ( call SW.singleton en.venue ) ( string ! type ) ) ) )
what is the venue of multivariate data analysis	( call SW.listValue ( call SW.filter ( call SW.filter ( call SW.getProperty ( call SW.singleton en.venue ) ( string ! type ) ) ( call SW.reverse ( string venue ) ) ( string = ) en.article.multivariate_data_analysis ) ( call SW.reverse ( string venue ) ) ( string = ) en.article.multivariate_data_analysis ) )
articles cited by articles published in annals of statistics	( call SW.listValue ( call SW.filter ( call SW.getProperty ( call SW.singleton en.article ) ( string ! type ) ) ( call SW.reverse ( string cites ) ) ( string = ) ( call SW.filter ( call SW.getProperty ( call SW.singleton en.article ) ( string ! type ) ) ( string venue ) ( string = ) en.venue.annals_of_statistics ) ) )
find an article by efron	( call SW.listValue ( call SW.filter ( call SW.filter ( call SW.getProperty ( call SW.singleton en.article ) ( string ! type ) ) ( string author ) ( string = ) en.person.efron ) ( string author ) ( string = ) en.person.efron ) )
name an article that is not about multivariate data analysis	( call SW.listValue ( call SW.filter ( call SW.getProperty ( call SW.singleton en.article ) ( string ! type ) ) ( call SW.reverse ( string cites ) ) ( string ! = ) en.article.multivariate_data_analysis ) )
what article has the same venue as multivariate data analysis	( call SW.listValue ( call SW.filter ( call SW.getProperty ( call SW.singleton en.article ) ( string ! type ) ) ( string venue ) ( string = ) ( call SW.filter ( call SW.getProperty ( call SW.singleton en.venue ) ( string ! type ) ) ( call SW.reverse ( string venue ) ) ( string = ) en.article.multivariate_data_analysis ) ) )
articles that won an award published in annals of statistics	( call SW.listValue ( call SW.filter ( call SW.filter ( call SW.getProperty ( call SW.singleton en.article ) ( string ! type ) ) ( string won_award ) ) ( string venue ) ( string = ) en.venue.annals_of_statistics ) )
venues other than the multivariate data analysis venue	( call SW.listValue ( call SW.filter ( call SW.getProperty ( call SW.singleton en.venue ) ( string ! type ) ) ( call SW.reverse ( string venue ) ) ( string ! = ) en.article.multivariate_data_analysis ) )
find an article published in 2004	( call SW.listValue ( call SW.filter ( call SW.getProperty ( call SW.singleton en.article ) ( string ! type ) ) ( string publication_date ) ( string = ) ( date 2004 -1 -1 ) ) )
article that does not reference multivariate data analysis	( call SW.listValue ( call SW.filter ( call SW.getProperty ( call SW.singleton en.article ) ( string ! type ) ) ( string cites ) ( string ! = ) en.article.multivariate_data_analysis ) )
what venue has articles published in 2004	( call SW.listValue ( call SW.filter ( call SW.getProperty ( call SW.singleton en.venue ) ( string ! type ) ) ( call SW.reverse ( string venue ) ) ( string = ) ( call SW.filter ( call SW.getProperty ( call SW.singleton en.article ) ( string ! type ) ) ( string publication_date ) ( string = ) ( date 2004 -1 -1 ) ) ) )
what article does not cite multivariate data analysis	( call SW.listValue ( call SW.filter ( call SW.getProperty ( call SW.singleton en.article ) ( string ! type ) ) ( string cites ) ( string ! = ) en.article.multivariate_data_analysis ) )
what article has less than two authors	( call SW.listValue ( call SW.countComparative ( call SW.getProperty ( call SW.singleton en.article ) ( string ! type ) ) ( string author ) ( string < ) ( number 2 ) ) )
articles written by efron cited by multivariate data analysis	( call SW.listValue ( call SW.filter ( call SW.filter ( call SW.getProperty ( call SW.singleton en.article ) ( string ! type ) ) ( string author ) ( string = ) en.person.efron ) ( call SW.reverse ( string cites ) ) ( string = ) en.article.multivariate_data_analysis ) )
article that references the least number of articles	( call SW.listValue ( call SW.countSuperlative ( call SW.getProperty ( call SW.singleton en.article ) ( string ! type ) ) ( string min ) ( string cites ) ( call SW.getProperty ( call SW.singleton en.article ) ( string ! type ) ) ) )
articles cited by multivariate data analysis and that won awards	( call SW.listValue ( call SW.filter ( call SW.filter ( call SW.getProperty ( call SW.singleton en.article ) ( string ! type ) ) ( call SW.reverse ( string cites ) ) ( string = ) en.article.multivariate_data_analysis ) ( string won_award ) ) )
name a person who has written no more than two articles	( call SW.listValue ( call SW.countComparative ( call SW.getProperty ( call SW.singleton en.person ) ( string ! type ) ) ( call SW.reverse ( string author ) ) ( string <= ) ( number 2 ) ( call SW.getProperty ( call SW.singleton en.article ) ( string ! type ) ) ) )
what is the venue of an article cited by multivariate data analysis	( call SW.listValue ( call SW.filter ( call SW.getProperty ( call SW.singleton en.venue ) ( string ! type ) ) ( call SW.reverse ( string venue ) ) ( string = ) ( call SW.filter ( call SW.getProperty ( call SW.singleton en.article ) ( string ! type ) ) ( call SW.reverse ( string cites ) ) ( string = ) en.article.multivariate_data_analysis ) ) )
venue of article that multivariate data analysis cites	( call SW.listValue ( call SW.filter ( call SW.getProperty ( call SW.singleton en.venue ) ( string ! type ) ) ( call SW.reverse ( string venue ) ) ( string = ) ( call SW.filter ( call SW.getProperty ( call SW.singleton en.article ) ( string ! type ) ) ( call SW.reverse ( string cites ) ) ( string = ) en.article.multivariate_data_analysis ) ) )
find an article published after 2004	( call SW.listValue ( call SW.filter ( call SW.getProperty ( call SW.singleton en.article ) ( string ! type ) ) ( call SW.ensureNumericProperty ( string publication_date ) ) ( string > ) ( call SW.ensureNumericEntity ( call SW.concat ( date 2004 -1 -1 ) ( date 2010 -1 -1 ) ) ) ) )
articles written by the author of multivariate data analysis	( call SW.listValue ( call SW.filter ( call SW.getProperty ( call SW.singleton en.article ) ( string ! type ) ) ( string author ) ( string = ) ( call SW.filter ( call SW.getProperty ( call SW.singleton en.person ) ( string ! type ) ) ( call SW.reverse ( string author ) ) ( string = ) en.article.multivariate_data_analysis ) ) )
name an article from the annals of statistics about multivariate data analysis	( call SW.listValue ( call SW.filter ( call SW.filter ( call SW.getProperty ( call SW.singleton en.article ) ( string ! type ) ) ( string cites ) ( string = ) en.article.multivariate_data_analysis ) ( string venue ) ( string = ) en.venue.annals_of_statistics ) )
publications that do not publish multivariate data analysis	( call SW.listValue ( call SW.filter ( call SW.getProperty ( call SW.singleton en.venue ) ( string ! type ) ) ( call SW.reverse ( string venue ) ) ( string ! = ) en.article.multivariate_data_analysis ) )
who wrote the most articles	( call SW.listValue ( call SW.countSuperlative ( call SW.getProperty ( call SW.singleton en.person ) ( string ! type ) ) ( string max ) ( call SW.reverse ( string author ) ) ( call SW.getProperty ( call SW.singleton en.article ) ( string ! type ) ) ) )
name articles in annals of statistics	( call SW.listValue ( call SW.filter ( call SW.getProperty ( call SW.singleton en.venue ) ( string ! type ) ) ( call SW.reverse ( string venue ) ) ( string = ) ( call SW.filter ( call SW.getProperty ( call SW.singleton en.article ) ( string ! type ) ) ( string venue ) ( string = ) en.venue.annals_of_statistics ) ) )
which annals of statistics article cites multivariate data analysis	( call SW.listValue ( call SW.filter ( call SW.filter ( call SW.getProperty ( call SW.singleton en.article ) ( string ! type ) ) ( string cites ) ( string = ) en.article.multivariate_data_analysis ) ( string venue ) ( string = ) en.venue.annals_of_statistics ) )
articles published in the same publication as multivariate data analysis	( call SW.listValue ( call SW.filter ( call SW.getProperty ( call SW.singleton en.article ) ( string ! type ) ) ( string venue ) ( string = ) ( call SW.getProperty en.article.multivariate_data_analysis ( string venue ) ) ) )
find any article that efron didnt write	( call SW.listValue ( call SW.filter ( call SW.getProperty ( call SW.singleton en.article ) ( string ! type ) ) ( string author ) ( string ! = ) en.person.efron ) )
what author wrote two articles	( call SW.listValue ( call SW.countComparative ( call SW.getProperty ( call SW.singleton en.person ) ( string ! type ) ) ( call SW.reverse ( string author ) ) ( string = ) ( number 2 ) ( call SW.getProperty ( call SW.singleton en.article ) ( string ! type ) ) ) )
articles written by the writer of multivariate data analysis	( call SW.listValue ( call SW.filter ( call SW.getProperty ( call SW.singleton en.article ) ( string ! type ) ) ( string author ) ( string = ) ( call SW.filter ( call SW.getProperty ( call SW.singleton en.person ) ( string ! type ) ) ( call SW.reverse ( string author ) ) ( string = ) en.article.multivariate_data_analysis ) ) )
articles that are cited by two articles	( call SW.listValue ( call SW.countComparative ( call SW.getProperty ( call SW.singleton en.article ) ( string ! type ) ) ( call SW.reverse ( string cites ) ) ( string = ) ( number 2 ) ( call SW.getProperty ( call SW.singleton en.article ) ( string ! type ) ) ) )
article with publication date as 2004 or 2010	( call SW.listValue ( call SW.concat ( date 2004 -1 -1 ) ( date 2010 -1 -1 ) ) )
article that cites three or more articles	( call SW.listValue ( call SW.countComparative ( call SW.getProperty ( call SW.singleton en.article ) ( string ! type ) ) ( call SW.reverse ( string cites ) ) ( string > ) ( number 2 ) ( call SW.getProperty ( call SW.singleton en.article ) ( string ! type ) ) ) )
what are the articles that multivariate data analysis cites	( call SW.listValue ( call SW.filter ( call SW.filter ( call SW.getProperty ( call SW.singleton en.article ) ( string ! type ) ) ( call SW.reverse ( string cites ) ) ( string = ) en.article.multivariate_data_analysis ) ( string cites ) ( string = ) en.article.multivariate_data_analysis ) )
what articles have under two authors	( call SW.listValue ( call SW.countComparative ( call SW.getProperty ( call SW.singleton en.article ) ( string ! type ) ) ( string author ) ( string < ) ( number 2 ) ) )
what article was published in 2004 or later	( call SW.listValue ( call SW.filter ( call SW.getProperty ( call SW.singleton en.article ) ( string ! type ) ) ( call SW.ensureNumericProperty ( string publication_date ) ) ( string >= ) ( call SW.ensureNumericEntity ( date 2004 -1 -1 ) ) ) )
what is an article cited in a publication about multivariate data analysis	( call SW.listValue ( call SW.filter ( call SW.getProperty ( call SW.singleton en.article ) ( string ! type ) ) ( call SW.reverse ( string cites ) ) ( string = ) ( call SW.filter ( call SW.getProperty ( call SW.singleton en.article ) ( string ! type ) ) ( call SW.reverse ( string cites ) ) ( string = ) en.article.multivariate_data_analysis ) ) )
publications where articles by efron can be found	( call SW.listValue ( call SW.filter ( call SW.getProperty ( call SW.singleton en.venue ) ( string ! type ) ) ( call SW.reverse ( string venue ) ) ( string = ) ( call SW.filter ( call SW.getProperty ( call SW.singleton en.article ) ( string ! type ) ) ( string author ) ( string = ) en.person.efron ) ) )
article that mentions award winning multivariate data analysis article	( call SW.listValue ( call SW.filter ( call SW.filter ( call SW.getProperty ( call SW.singleton en.article ) ( string ! type ) ) ( string cites ) ( string = ) en.article.multivariate_data_analysis ) ( string won_award ) ) )
what is the publication date of a multivariate data analysis article	( call SW.listValue ( call SW.getProperty en.article.multivariate_data_analysis ( string publication_date ) ) )
what article was published on or after multivariate data analysis was	( call SW.listValue ( call SW.filter ( call SW.getProperty ( call SW.singleton en.article ) ( string ! type ) ) ( call SW.ensureNumericProperty ( string publication_date ) ) ( string >= ) ( call SW.ensureNumericEntity ( call SW.getProperty en.article.multivariate_data_analysis ( string publication_date ) ) ) ) )
name a person who has authored fewer than two articles	( call SW.listValue ( call SW.countComparative ( call SW.getProperty ( call SW.singleton en.person ) ( string ! type ) ) ( call SW.reverse ( string author ) ) ( string < ) ( number 2 ) ( call SW.getProperty ( call SW.singleton en.article ) ( string ! type ) ) ) )
what article cites an efron article	( call SW.listValue ( call SW.filter ( call SW.getProperty ( call SW.singleton en.article ) ( string ! type ) ) ( string cites ) ( string = ) ( call SW.filter ( call SW.getProperty ( call SW.singleton en.article ) ( string ! type ) ) ( string author ) ( string = ) en.person.efron ) ) )
what venue has under two articles	( call SW.listValue ( call SW.countComparative ( call SW.getProperty ( call SW.singleton en.venue ) ( string ! type ) ) ( call SW.reverse ( string venue ) ) ( string < ) ( number 2 ) ( call SW.getProperty ( call SW.singleton en.article ) ( string ! type ) ) ) )
who has written the fewest articles	( call SW.listValue ( call SW.countSuperlative ( call SW.getProperty ( call SW.singleton en.person ) ( string ! type ) ) ( string min ) ( call SW.reverse ( string author ) ) ( call SW.getProperty ( call SW.singleton en.article ) ( string ! type ) ) ) )
who is the author of less than two articles	( call SW.listValue ( call SW.countComparative ( call SW.getProperty ( call SW.singleton en.person ) ( string ! type ) ) ( call SW.reverse ( string author ) ) ( string < ) ( number 2 ) ( call SW.getProperty ( call SW.singleton en.article ) ( string ! type ) ) ) )
what annals of statistics article cited multivariate data analysis	( call SW.listValue ( call SW.filter ( call SW.filter ( call SW.getProperty ( call SW.singleton en.article ) ( string ! type ) ) ( string venue ) ( string = ) en.venue.annals_of_statistics ) ( string cites ) ( string = ) en.article.multivariate_data_analysis ) )
article whose author is efron or lakoff	( call SW.listValue ( call SW.filter ( call SW.getProperty ( call SW.singleton en.article ) ( string ! type ) ) ( string author ) ( string = ) ( call SW.concat en.person.efron en.person.lakoff ) ) )
who wrote the most articles	( call SW.listValue ( call SW.countSuperlative ( call SW.getProperty ( call SW.singleton en.person ) ( string ! type ) ) ( string max ) ( call SW.reverse ( string author ) ) ( call SW.getProperty ( call SW.singleton en.article ) ( string ! type ) ) ) )
who has written more than two articles	( call SW.listValue ( call SW.countComparative ( call SW.getProperty ( call SW.singleton en.person ) ( string ! type ) ) ( call SW.reverse ( string author ) ) ( string > ) ( number 2 ) ( call SW.getProperty ( call SW.singleton en.article ) ( string ! type ) ) ) )
articles published in 2004 and citing multivariate data analysis	( call SW.listValue ( call SW.filter ( call SW.filter ( call SW.getProperty ( call SW.singleton en.article ) ( string ! type ) ) ( string publication_date ) ( string = ) ( date 2004 -1 -1 ) ) ( string cites ) ( string = ) en.article.multivariate_data_analysis ) )
there are at least two venues in the article	( call SW.listValue ( call SW.countComparative ( call SW.getProperty ( call SW.singleton en.article ) ( string ! type ) ) ( string venue ) ( string >= ) ( number 2 ) ) )
publication with the fewest articles	( call SW.listValue ( call SW.countSuperlative ( call SW.getProperty ( call SW.singleton en.venue ) ( string ! type ) ) ( string min ) ( call SW.reverse ( string venue ) ) ( call SW.getProperty ( call SW.singleton en.article ) ( string ! type ) ) ) )
venues with less than two articles	( call SW.listValue ( call SW.countComparative ( call SW.getProperty ( call SW.singleton en.venue ) ( string ! type ) ) ( call SW.reverse ( string venue ) ) ( string < ) ( number 2 ) ( call SW.getProperty ( call SW.singleton en.article ) ( string ! type ) ) ) )
article that the least number of article cites	( call SW.listValue ( call SW.countSuperlative ( call SW.getProperty ( call SW.singleton en.article ) ( string ! type ) ) ( string min ) ( call SW.reverse ( string cites ) ) ( call SW.getProperty ( call SW.singleton en.article ) ( string ! type ) ) ) )
article written by efron that cites multivariate data analysis	( call SW.listValue ( call SW.filter ( call SW.filter ( call SW.getProperty ( call SW.singleton en.article ) ( string ! type ) ) ( string author ) ( string = ) en.person.efron ) ( string cites ) ( string = ) en.article.multivariate_data_analysis ) )
what article in annals of statistics cites multivariate data analysis	( call SW.listValue ( call SW.filter ( call SW.filter ( call SW.getProperty ( call SW.singleton en.article ) ( string ! type ) ) ( string cites ) ( string = ) en.article.multivariate_data_analysis ) ( string venue ) ( string = ) en.venue.annals_of_statistics ) )
article found in the most publications	( call SW.listValue ( call SW.countSuperlative ( call SW.getProperty ( call SW.singleton en.article ) ( string ! type ) ) ( string max ) ( string venue ) ) )
which article cites multivariate data analysis	( call SW.listValue ( call SW.filter ( call SW.getProperty ( call SW.singleton en.article ) ( string ! type ) ) ( call SW.reverse ( string cites ) ) ( string = ) ( call SW.filter ( call SW.getProperty ( call SW.singleton en.article ) ( string ! type ) ) ( string cites ) ( string = ) en.article.multivariate_data_analysis ) ) )
find an efron article that cites multivariate data analysis	( call SW.listValue ( call SW.filter ( call SW.filter ( call SW.getProperty ( call SW.singleton en.article ) ( string ! type ) ) ( string author ) ( string = ) en.person.efron ) ( string cites ) ( string = ) en.article.multivariate_data_analysis ) )
what venue has less than two articles	( call SW.listValue ( call SW.countComparative ( call SW.getProperty ( call SW.singleton en.venue ) ( string ! type ) ) ( call SW.reverse ( string venue ) ) ( string < ) ( number 2 ) ( call SW.getProperty ( call SW.singleton en.article ) ( string ! type ) ) ) )
which articles cite at least two articles	( call SW.listValue ( call SW.countComparative ( call SW.getProperty ( call SW.singleton en.article ) ( string ! type ) ) ( string cites ) ( string >= ) ( number 2 ) ( call SW.getProperty ( call SW.singleton en.article ) ( string ! type ) ) ) )
article that cites multivariate data analysis in the annals of statistics	( call SW.listValue ( call SW.filter ( call SW.filter ( call SW.getProperty ( call SW.singleton en.article ) ( string ! type ) ) ( call SW.reverse ( string cites ) ) ( string = ) en.article.multivariate_data_analysis ) ( string venue ) ( string = ) en.venue.annals_of_statistics ) )
article with the fewest authors	( call SW.listValue ( call SW.countSuperlative ( call SW.getProperty ( call SW.singleton en.article ) ( string ! type ) ) ( string min ) ( string author ) ) )
name an article found in more than two venues	( call SW.listValue ( call SW.countComparative ( call SW.getProperty ( call SW.singleton en.article ) ( string ! type ) ) ( string venue ) ( string > ) ( number 2 ) ) )
name a person who has written two articles	( call SW.listValue ( call SW.countComparative ( call SW.getProperty ( call SW.singleton en.person ) ( string ! type ) ) ( call SW.reverse ( string author ) ) ( string = ) ( number 2 ) ( call SW.getProperty ( call SW.singleton en.article ) ( string ! type ) ) ) )
article that has the same publication date as the multivariate data analysis article	( call SW.listValue ( call SW.filter ( call SW.getProperty ( call SW.singleton en.article ) ( string ! type ) ) ( call SW.ensureNumericProperty ( string publication_date ) ) ( string >= ) ( call SW.ensureNumericEntity ( call SW.getProperty en.article.multivariate_data_analysis ( string publication_date ) ) ) ) )
venues that published in 2004	( call SW.listValue ( call SW.filter ( call SW.getProperty ( call SW.singleton en.venue ) ( string ! type ) ) ( call SW.reverse ( string venue ) ) ( string = ) ( call SW.filter ( call SW.getProperty ( call SW.singleton en.article ) ( string ! type ) ) ( string publication_date ) ( string = ) ( date 2004 -1 -1 ) ) ) )
articles published in 2004 that have won an award	( call SW.listValue ( call SW.filter ( call SW.filter ( call SW.getProperty ( call SW.singleton en.article ) ( string ! type ) ) ( string won_award ) ) ( string publication_date ) ( string = ) ( date 2004 -1 -1 ) ) )
what article has the oldest publication date	( call SW.listValue ( call SW.superlative ( call SW.getProperty ( call SW.singleton en.article ) ( string ! type ) ) ( string min ) ( call SW.ensureNumericProperty ( string publication_date ) ) ) )
article that citesmultivariate data analysis by author efron	( call SW.listValue ( call SW.filter ( call SW.filter ( call SW.getProperty ( call SW.singleton en.article ) ( string ! type ) ) ( call SW.reverse ( string cites ) ) ( string = ) en.article.multivariate_data_analysis ) ( string author ) ( string = ) en.person.efron ) )
what multivariate data analysis city articles were published after 2004	( call SW.listValue ( call SW.filter ( call SW.filter ( call SW.getProperty ( call SW.singleton en.article ) ( string ! type ) ) ( string cites ) ( string = ) en.article.multivariate_data_analysis ) ( string publication_date ) ( string = ) ( date 2004 -1 -1 ) ) )
in what publication was multivariate data analysis published	( call SW.listValue ( call SW.filter ( call SW.getProperty ( call SW.singleton en.venue ) ( string ! type ) ) ( call SW.reverse ( string venue ) ) ( string = ) en.article.multivariate_data_analysis ) )
article authored by efron and has the annals of statistics as its venue	( call SW.listValue ( call SW.filter ( call SW.filter ( call SW.getProperty ( call SW.singleton en.article ) ( string ! type ) ) ( string author ) ( string = ) en.person.efron ) ( string venue ) ( string = ) en.venue.annals_of_statistics ) )
articles that cities maximum two articles	( call SW.listValue ( call SW.countComparative ( call SW.getProperty ( call SW.singleton en.article ) ( string ! type ) ) ( string cites ) ( string <= ) ( number 2 ) ( call SW.getProperty ( call SW.singleton en.article ) ( string ! type ) ) ) )
article with author of multivariate data analysis	( call SW.listValue ( call SW.filter ( call SW.getProperty ( call SW.singleton en.article ) ( string ! type ) ) ( string author ) ( string = ) ( call SW.getProperty en.article.multivariate_data_analysis ( string author ) ) ) )
what 2004 article was cited by multivariate data analysis	( call SW.listValue ( call SW.filter ( call SW.filter ( call SW.getProperty ( call SW.singleton en.article ) ( string ! type ) ) ( string publication_date ) ( string = ) ( date 2004 -1 -1 ) ) ( call SW.reverse ( string cites ) ) ( string = ) en.article.multivariate_data_analysis ) )
who is someone that has not authored an article about multivariate data analysis	( call SW.listValue ( call SW.filter ( call SW.getProperty ( call SW.singleton en.person ) ( string ! type ) ) ( call SW.reverse ( string author ) ) ( string ! = ) en.article.multivariate_data_analysis ) )
name an article from 2004 about multivariate data analysis	( call SW.listValue ( call SW.filter ( call SW.filter ( call SW.getProperty ( call SW.singleton en.article ) ( string ! type ) ) ( call SW.reverse ( string cites ) ) ( string = ) en.article.multivariate_data_analysis ) ( string publication_date ) ( string = ) ( date 2004 -1 -1 ) ) )
articles written by efron and cited by multivariate data analysis	( call SW.listValue ( call SW.filter ( call SW.filter ( call SW.getProperty ( call SW.singleton en.article ) ( string ! type ) ) ( string author ) ( string = ) en.person.efron ) ( call SW.reverse ( string cites ) ) ( string = ) en.article.multivariate_data_analysis ) )
earliest published article	( call SW.listValue ( call SW.superlative ( call SW.getProperty ( call SW.singleton en.article ) ( string ! type ) ) ( string min ) ( call SW.ensureNumericProperty ( string publication_date ) ) ) )
name an article that won an award	( call SW.listValue ( call SW.filter ( call SW.getProperty ( call SW.singleton en.article ) ( string ! type ) ) ( call SW.reverse ( string cites ) ) ( string = ) ( call SW.filter ( call SW.getProperty ( call SW.singleton en.article ) ( string ! type ) ) ( string won_award ) ) ) )
name an article found in two publications	( call SW.listValue ( call SW.countComparative ( call SW.getProperty ( call SW.singleton en.article ) ( string ! type ) ) ( string venue ) ( string = ) ( number 2 ) ) )
article that cite at least two articles	( call SW.listValue ( call SW.countComparative ( call SW.getProperty ( call SW.singleton en.article ) ( string ! type ) ) ( string cites ) ( string >= ) ( number 2 ) ( call SW.getProperty ( call SW.singleton en.article ) ( string ! type ) ) ) )
what venue has two articles	( call SW.listValue ( call SW.countComparative ( call SW.getProperty ( call SW.singleton en.venue ) ( string ! type ) ) ( call SW.reverse ( string venue ) ) ( string = ) ( number 2 ) ( call SW.getProperty ( call SW.singleton en.article ) ( string ! type ) ) ) )
article with two authors	( call SW.listValue ( call SW.countComparative ( call SW.getProperty ( call SW.singleton en.article ) ( string ! type ) ) ( string author ) ( string = ) ( number 2 ) ) )
what article was cited by a 2004 article	( call SW.listValue ( call SW.filter ( call SW.getProperty ( call SW.singleton en.article ) ( string ! type ) ) ( call SW.reverse ( string cites ) ) ( string = ) ( call SW.filter ( call SW.getProperty ( call SW.singleton en.article ) ( string ! type ) ) ( string publication_date ) ( string = ) ( date 2004 -1 -1 ) ) ) )
what articles are published in annals of statistics	( call SW.listValue ( call SW.filter ( call SW.getProperty ( call SW.singleton en.article ) ( string ! type ) ) ( call SW.reverse ( string cites ) ) ( string = ) ( call SW.filter ( call SW.getProperty ( call SW.singleton en.article ) ( string ! type ) ) ( string venue ) ( string = ) en.venue.annals_of_statistics ) ) )
articles that have a publication date close to the date of multivariate data analysis	( call SW.listValue ( call SW.filter ( call SW.getProperty ( call SW.singleton en.article ) ( string ! type ) ) ( call SW.ensureNumericProperty ( string publication_date ) ) ( string <= ) ( call SW.ensureNumericEntity ( call SW.getProperty en.article.multivariate_data_analysis ( string publication_date ) ) ) ) )
article published in 2004 and that cites multivariate data analysis	( call SW.listValue ( call SW.filter ( call SW.filter ( call SW.getProperty ( call SW.singleton en.article ) ( string ! type ) ) ( string publication_date ) ( string = ) ( date 2004 -1 -1 ) ) ( string cites ) ( string = ) en.article.multivariate_data_analysis ) )
what article has the least authors	( call SW.listValue ( call SW.countSuperlative ( call SW.getProperty ( call SW.singleton en.article ) ( string ! type ) ) ( string min ) ( string author ) ) )
article with the largest amount of authors	( call SW.listValue ( call SW.countSuperlative ( call SW.getProperty ( call SW.singleton en.article ) ( string ! type ) ) ( string max ) ( string author ) ) )
what article did the article that cited multivariate data analysis cite	( call SW.listValue ( call SW.filter ( call SW.getProperty ( call SW.singleton en.article ) ( string ! type ) ) ( call SW.reverse ( string cites ) ) ( string = ) ( call SW.filter ( call SW.getProperty ( call SW.singleton en.article ) ( string ! type ) ) ( string cites ) ( string = ) en.article.multivariate_data_analysis ) ) )
what article is about multivariate data analysis	( call SW.listValue ( call SW.filter ( call SW.getProperty ( call SW.singleton en.article ) ( string ! type ) ) ( string venue ) ( string = ) ( call SW.filter ( call SW.getProperty ( call SW.singleton en.venue ) ( string ! type ) ) ( call SW.reverse ( string venue ) ) ( string = ) en.article.multivariate_data_analysis ) ) )
who is someone who has authored articles about multivariate data analysis	( call SW.listValue ( call SW.filter ( call SW.filter ( call SW.getProperty ( call SW.singleton en.person ) ( string ! type ) ) ( call SW.reverse ( string author ) ) ( string = ) en.article.multivariate_data_analysis ) ( call SW.reverse ( string author ) ) ( string = ) en.article.multivariate_data_analysis ) )
article written by one author	( call SW.listValue ( call SW.countComparative ( call SW.getProperty ( call SW.singleton en.article ) ( string ! type ) ) ( string author ) ( string < ) ( number 2 ) ) )
articles published before 2004 or before 2010	( call SW.listValue ( call SW.filter ( call SW.getProperty ( call SW.singleton en.article ) ( string ! type ) ) ( call SW.ensureNumericProperty ( string publication_date ) ) ( string <= ) ( call SW.ensureNumericEntity ( call SW.concat ( date 2004 -1 -1 ) ( date 2010 -1 -1 ) ) ) ) )
what author wrote about annals of statistics	( call SW.listValue ( call SW.filter ( call SW.getProperty ( call SW.singleton en.person ) ( string ! type ) ) ( call SW.reverse ( string author ) ) ( string = ) ( call SW.filter ( call SW.getProperty ( call SW.singleton en.article ) ( string ! type ) ) ( string venue ) ( string = ) en.venue.annals_of_statistics ) ) )
article with two publishers	( call SW.listValue ( call SW.countComparative ( call SW.getProperty ( call SW.singleton en.article ) ( string ! type ) ) ( string venue ) ( string = ) ( number 2 ) ) )
articles that cite articles written by efron	( call SW.listValue ( call SW.filter ( call SW.getProperty ( call SW.singleton en.article ) ( string ! type ) ) ( string cites ) ( string = ) ( call SW.filter ( call SW.getProperty ( call SW.singleton en.article ) ( string ! type ) ) ( string author ) ( string = ) en.person.efron ) ) )
article that won an award and cites multivariate data analysis	( call SW.listValue ( call SW.filter ( call SW.filter ( call SW.getProperty ( call SW.singleton en.article ) ( string ! type ) ) ( string cites ) ( string = ) en.article.multivariate_data_analysis ) ( string won_award ) ) )
articles with a venue	( call SW.listValue ( call SW.countComparative ( call SW.getProperty ( call SW.singleton en.article ) ( string ! type ) ) ( string venue ) ( string < ) ( number 2 ) ) )
find a venue with more than two articles in it	( call SW.listValue ( call SW.countComparative ( call SW.getProperty ( call SW.singleton en.venue ) ( string ! type ) ) ( call SW.reverse ( string venue ) ) ( string > ) ( number 2 ) ( call SW.getProperty ( call SW.singleton en.article ) ( string ! type ) ) ) )
venue with two article published	( call SW.listValue ( call SW.countComparative ( call SW.getProperty ( call SW.singleton en.venue ) ( string ! type ) ) ( call SW.reverse ( string venue ) ) ( string = ) ( number 2 ) ( call SW.getProperty ( call SW.singleton en.article ) ( string ! type ) ) ) )
who is the author of a multivariate data analysis	( call SW.listValue ( call SW.filter ( call SW.filter ( call SW.getProperty ( call SW.singleton en.person ) ( string ! type ) ) ( call SW.reverse ( string author ) ) ( string = ) en.article.multivariate_data_analysis ) ( call SW.reverse ( string author ) ) ( string = ) en.article.multivariate_data_analysis ) )
award winning article	( call SW.listValue ( call SW.filter ( call SW.getProperty ( call SW.singleton en.article ) ( string ! type ) ) ( string won_award ) ) )
what article cites multivariate data analysis and is also its venue	( call SW.listValue ( call SW.filter ( call SW.filter ( call SW.getProperty ( call SW.singleton en.article ) ( string ! type ) ) ( string venue ) ( string = ) en.venue.annals_of_statistics ) ( string cites ) ( string = ) en.article.multivariate_data_analysis ) )
what is the venues number	( call SW.listValue ( call .size ( call SW.getProperty ( call SW.singleton en.venue ) ( string ! type ) ) ) )
author of at most two articles	( call SW.listValue ( call SW.countComparative ( call SW.getProperty ( call SW.singleton en.person ) ( string ! type ) ) ( call SW.reverse ( string author ) ) ( string <= ) ( number 2 ) ( call SW.getProperty ( call SW.singleton en.article ) ( string ! type ) ) ) )
what venue can you find multivariate data analysis in	( call SW.listValue ( call SW.filter ( call SW.filter ( call SW.getProperty ( call SW.singleton en.venue ) ( string ! type ) ) ( call SW.reverse ( string venue ) ) ( string = ) en.article.multivariate_data_analysis ) ( call SW.reverse ( string venue ) ) ( string = ) en.article.multivariate_data_analysis ) )
writers who didnt write multivariate data analysis	( call SW.listValue ( call SW.filter ( call SW.getProperty ( call SW.singleton en.person ) ( string ! type ) ) ( call SW.reverse ( string author ) ) ( string ! = ) en.article.multivariate_data_analysis ) )
articles that have a minimum of two authors	( call SW.listValue ( call SW.countComparative ( call SW.getProperty ( call SW.singleton en.article ) ( string ! type ) ) ( string author ) ( string >= ) ( number 2 ) ) )
award winning article published by annals of statistics	( call SW.listValue ( call SW.filter ( call SW.filter ( call SW.getProperty ( call SW.singleton en.article ) ( string ! type ) ) ( string venue ) ( string = ) en.venue.annals_of_statistics ) ( string won_award ) ) )
what article has a venue of multivariate data analysis	( call SW.listValue ( call SW.filter ( call SW.getProperty ( call SW.singleton en.article ) ( string ! type ) ) ( string venue ) ( string = ) ( call SW.getProperty en.article.multivariate_data_analysis ( string venue ) ) ) )
what venue is about at least two articles	( call SW.listValue ( call SW.countComparative ( call SW.getProperty ( call SW.singleton en.venue ) ( string ! type ) ) ( call SW.reverse ( string venue ) ) ( string >= ) ( number 2 ) ( call SW.getProperty ( call SW.singleton en.article ) ( string ! type ) ) ) )
articles not published in annals of statistics	( call SW.listValue ( call SW.filter ( call SW.getProperty ( call SW.singleton en.article ) ( string ! type ) ) ( string venue ) ( string ! = ) en.venue.annals_of_statistics ) )
article cited bymultivariate data analysis whose venue is annals of statistics	( call SW.listValue ( call SW.filter ( call SW.filter ( call SW.getProperty ( call SW.singleton en.article ) ( string ! type ) ) ( call SW.reverse ( string cites ) ) ( string = ) en.article.multivariate_data_analysis ) ( string venue ) ( string = ) en.venue.annals_of_statistics ) )
which author did not write  multivariate data analysis	( call SW.listValue ( call SW.filter ( call SW.getProperty ( call SW.singleton en.person ) ( string ! type ) ) ( call SW.reverse ( string author ) ) ( string ! = ) en.article.multivariate_data_analysis ) )
article that has the least number of venue	( call SW.listValue ( call SW.countSuperlative ( call SW.getProperty ( call SW.singleton en.article ) ( string ! type ) ) ( string min ) ( string venue ) ) )
articles not authored by efron	( call SW.listValue ( call SW.filter ( call SW.getProperty ( call SW.singleton en.article ) ( string ! type ) ) ( string author ) ( string ! = ) en.person.efron ) )
what article cites multivariate data analysis	( call SW.listValue ( call SW.filter ( call SW.getProperty ( call SW.singleton en.article ) ( string ! type ) ) ( call SW.reverse ( string cites ) ) ( string = ) ( call SW.filter ( call SW.getProperty ( call SW.singleton en.article ) ( string ! type ) ) ( string cites ) ( string = ) en.article.multivariate_data_analysis ) ) )
an article that won award cites another article	( call SW.listValue ( call SW.filter ( call SW.getProperty ( call SW.singleton en.article ) ( string ! type ) ) ( call SW.reverse ( string cites ) ) ( string = ) ( call SW.filter ( call SW.getProperty ( call SW.singleton en.article ) ( string ! type ) ) ( string won_award ) ) ) )
what article discusses annals of statistics and whose publication date was 2004	( call SW.listValue ( call SW.filter ( call SW.filter ( call SW.getProperty ( call SW.singleton en.article ) ( string ! type ) ) ( string venue ) ( string = ) en.venue.annals_of_statistics ) ( string publication_date ) ( string = ) ( date 2004 -1 -1 ) ) )
articles not written by efron	( call SW.listValue ( call SW.filter ( call SW.getProperty ( call SW.singleton en.article ) ( string ! type ) ) ( string author ) ( string ! = ) en.person.efron ) )
articles published in two venues	( call SW.listValue ( call SW.countComparative ( call SW.getProperty ( call SW.singleton en.article ) ( string ! type ) ) ( string venue ) ( string = ) ( number 2 ) ) )
articles published after multivariate data analysis	( call SW.listValue ( call SW.filter ( call SW.getProperty ( call SW.singleton en.article ) ( string ! type ) ) ( call SW.ensureNumericProperty ( string publication_date ) ) ( string > ) ( call SW.ensureNumericEntity ( call SW.getProperty en.article.multivariate_data_analysis ( string publication_date ) ) ) ) )
articles published in or before 2004	( call SW.listValue ( call SW.filter ( call SW.getProperty ( call SW.singleton en.article ) ( string ! type ) ) ( call SW.ensureNumericProperty ( string publication_date ) ) ( string <= ) ( call SW.ensureNumericEntity ( date 2004 -1 -1 ) ) ) )
what article cites less than two other articles	( call SW.listValue ( call SW.countComparative ( call SW.getProperty ( call SW.singleton en.article ) ( string ! type ) ) ( call SW.reverse ( string cites ) ) ( string < ) ( number 2 ) ( call SW.getProperty ( call SW.singleton en.article ) ( string ! type ) ) ) )
article publication of multivariate data analysis	( call SW.listValue ( call SW.filter ( call SW.getProperty ( call SW.singleton en.article ) ( string ! type ) ) ( string venue ) ( string = ) ( call SW.filter ( call SW.getProperty ( call SW.singleton en.venue ) ( string ! type ) ) ( call SW.reverse ( string venue ) ) ( string = ) en.article.multivariate_data_analysis ) ) )
authors who published their works in 2004	( call SW.listValue ( call SW.filter ( call SW.getProperty ( call SW.singleton en.person ) ( string ! type ) ) ( call SW.reverse ( string author ) ) ( string = ) ( call SW.filter ( call SW.getProperty ( call SW.singleton en.article ) ( string ! type ) ) ( string publication_date ) ( string = ) ( date 2004 -1 -1 ) ) ) )
what article was written by efron and discusses annals of statistics	( call SW.listValue ( call SW.filter ( call SW.filter ( call SW.getProperty ( call SW.singleton en.article ) ( string ! type ) ) ( string author ) ( string = ) en.person.efron ) ( string venue ) ( string = ) en.venue.annals_of_statistics ) )
what article won an award	( call SW.listValue ( call SW.filter ( call SW.getProperty ( call SW.singleton en.article ) ( string ! type ) ) ( string won_award ) ) )
writers of two articles	( call SW.listValue ( call SW.countComparative ( call SW.getProperty ( call SW.singleton en.person ) ( string ! type ) ) ( call SW.reverse ( string author ) ) ( string = ) ( number 2 ) ( call SW.getProperty ( call SW.singleton en.article ) ( string ! type ) ) ) )
venue of only one article	( call SW.listValue ( call SW.countComparative ( call SW.getProperty ( call SW.singleton en.venue ) ( string ! type ) ) ( call SW.reverse ( string venue ) ) ( string < ) ( number 2 ) ( call SW.getProperty ( call SW.singleton en.article ) ( string ! type ) ) ) )
articles found in less than two publications	( call SW.listValue ( call SW.countComparative ( call SW.getProperty ( call SW.singleton en.article ) ( string ! type ) ) ( string venue ) ( string < ) ( number 2 ) ) )
articles cited by efron	( call SW.listValue ( call SW.filter ( call SW.getProperty ( call SW.singleton en.article ) ( string ! type ) ) ( call SW.reverse ( string cites ) ) ( string = ) ( call SW.filter ( call SW.getProperty ( call SW.singleton en.article ) ( string ! type ) ) ( string author ) ( string = ) en.person.efron ) ) )
venues of two articles	( call SW.listValue ( call SW.countComparative ( call SW.getProperty ( call SW.singleton en.venue ) ( string ! type ) ) ( call SW.reverse ( string venue ) ) ( string = ) ( number 2 ) ( call SW.getProperty ( call SW.singleton en.article ) ( string ! type ) ) ) )
articles published in the same venue as multivariate data analysis	( call SW.listValue ( call SW.filter ( call SW.getProperty ( call SW.singleton en.article ) ( string ! type ) ) ( string venue ) ( string = ) ( call SW.filter ( call SW.getProperty ( call SW.singleton en.venue ) ( string ! type ) ) ( call SW.reverse ( string venue ) ) ( string = ) en.article.multivariate_data_analysis ) ) )
what 2004 article cites multivariate data analysis	( call SW.listValue ( call SW.filter ( call SW.filter ( call SW.getProperty ( call SW.singleton en.article ) ( string ! type ) ) ( string publication_date ) ( string = ) ( date 2004 -1 -1 ) ) ( string cites ) ( string = ) en.article.multivariate_data_analysis ) )
article that cited multivariate data analysis in annals of statistics	( call SW.listValue ( call SW.filter ( call SW.filter ( call SW.getProperty ( call SW.singleton en.article ) ( string ! type ) ) ( string venue ) ( string = ) en.venue.annals_of_statistics ) ( string cites ) ( string = ) en.article.multivariate_data_analysis ) )
articles published in the fewest places	( call SW.listValue ( call SW.countSuperlative ( call SW.getProperty ( call SW.singleton en.article ) ( string ! type ) ) ( string min ) ( string venue ) ) )
what are some articles unrelated to annals of statistics	( call SW.listValue ( call SW.filter ( call SW.getProperty ( call SW.singleton en.article ) ( string ! type ) ) ( string venue ) ( string ! = ) en.venue.annals_of_statistics ) )
articles published in two or fewer venues	( call SW.listValue ( call SW.countComparative ( call SW.getProperty ( call SW.singleton en.article ) ( string ! type ) ) ( string venue ) ( string <= ) ( number 2 ) ) )
what venue has the fewest articles	( call SW.listValue ( call SW.countSuperlative ( call SW.getProperty ( call SW.singleton en.venue ) ( string ! type ) ) ( string min ) ( call SW.reverse ( string venue ) ) ( call SW.getProperty ( call SW.singleton en.article ) ( string ! type ) ) ) )
where can you see multivariate data analysis	( call SW.listValue ( call SW.getProperty en.article.multivariate_data_analysis ( string venue ) ) )
what article has a publication date earlier than 2004	( call SW.listValue ( call SW.filter ( call SW.getProperty ( call SW.singleton en.article ) ( string ! type ) ) ( call SW.ensureNumericProperty ( string publication_date ) ) ( string < ) ( call SW.ensureNumericEntity ( date 2004 -1 -1 ) ) ) )
what award winning article was in annals of statistics	( call SW.listValue ( call SW.filter ( call SW.filter ( call SW.getProperty ( call SW.singleton en.article ) ( string ! type ) ) ( string venue ) ( string = ) en.venue.annals_of_statistics ) ( string won_award ) ) )
which venue was venue for more than two articles publication	( call SW.listValue ( call SW.countComparative ( call SW.getProperty ( call SW.singleton en.venue ) ( string ! type ) ) ( call SW.reverse ( string venue ) ) ( string > ) ( number 2 ) ( call SW.getProperty ( call SW.singleton en.article ) ( string ! type ) ) ) )
