how many fouls has kobe bryant had	( call SW.listValue ( call SW.getProperty ( call SW.filter ( call SW.getProperty en.player.kobe_bryant ( call SW.reverse ( string player ) ) ) ( string num_fouls ) ( string = ) ( number 3 foul ) ) ( string num_fouls ) ) )	overnight-basketball
which player has played for the fewest teams	( call SW.listValue ( call SW.getProperty ( ( lambda s ( call SW.countSuperlative ( var s ) ( string min ) ( string team ) ) ) ( call SW.domain ( string player ) ) ) ( string player ) ) )	overnight-basketball
which player has the minimum number of turnovers of kobe bryant	( call SW.listValue ( call SW.getProperty ( ( lambda s ( call SW.filter ( var s ) ( call SW.ensureNumericProperty ( string num_turnovers ) ) ( string >= ) ( call SW.ensureNumericEntity ( call SW.getProperty ( call SW.getProperty en.player.kobe_bryant ( call SW.reverse ( string player ) ) ) ( string num_turnovers ) ) ) ) ) ( call SW.domain ( string player ) ) ) ( string player ) ) )	overnight-basketball
when kobe bryant has given up 3 turnovers in a season how many fouls has he typically given	( call SW.listValue ( call SW.getProperty ( call SW.filter ( call SW.getProperty en.player.kobe_bryant ( call SW.reverse ( string player ) ) ) ( string num_turnovers ) ( string = ) ( number 3 turnover ) ) ( string num_fouls ) ) )	overnight-basketball
which player as less than 3 assists	( call SW.listValue ( call SW.getProperty ( ( lambda s ( call SW.filter ( var s ) ( call SW.ensureNumericProperty ( string num_assists ) ) ( string < ) ( call SW.ensureNumericEntity ( number 3 assist ) ) ) ) ( call SW.domain ( string player ) ) ) ( string player ) ) )	overnight-basketball
what players number of games played allseason equaled no less than kobe bryants	( call SW.listValue ( call SW.getProperty ( ( lambda s ( call SW.filter ( var s ) ( call SW.ensureNumericProperty ( string num_games_played ) ) ( string >= ) ( call SW.ensureNumericEntity ( call SW.getProperty ( call SW.getProperty en.player.kobe_bryant ( call SW.reverse ( string player ) ) ) ( string num_games_played ) ) ) ) ) ( call SW.domain ( string player ) ) ) ( string player ) ) )	overnight-basketball
what position did kobe bryant play when he got 3 rebounds	( call SW.listValue ( call SW.getProperty ( call SW.filter ( call SW.getProperty en.player.kobe_bryant ( call SW.reverse ( string player ) ) ) ( string num_rebounds ) ( string = ) ( number 3 rebound ) ) ( string position ) ) )	overnight-basketball
what position did kobe bryant get 3 points as	( call SW.listValue ( call SW.getProperty ( call SW.filter ( call SW.getProperty en.player.kobe_bryant ( call SW.reverse ( string player ) ) ) ( string num_points ) ( string = ) ( number 3 point ) ) ( string position ) ) )	overnight-basketball
how many turnovers did kobe bryant have in a season he had 3 assists	( call SW.listValue ( call SW.getProperty ( call SW.filter ( call SW.getProperty en.player.kobe_bryant ( call SW.reverse ( string player ) ) ) ( string num_assists ) ( string = ) ( number 3 assist ) ) ( string num_turnovers ) ) )	overnight-basketball
season of player kobe bryant whose has 3 points over a season	( call SW.listValue ( call SW.getProperty ( call SW.filter ( call SW.getProperty en.player.kobe_bryant ( call SW.reverse ( string player ) ) ) ( string num_points ) ( string = ) ( number 3 point ) ) ( string season ) ) )	overnight-basketball
who had at least as many fouls as kobe bryant in a season	( call SW.listValue ( call SW.getProperty ( ( lambda s ( call SW.filter ( var s ) ( call SW.ensureNumericProperty ( string num_fouls ) ) ( string >= ) ( call SW.ensureNumericEntity ( call SW.getProperty ( call SW.getProperty en.player.kobe_bryant ( call SW.reverse ( string player ) ) ) ( string num_fouls ) ) ) ) ) ( call SW.domain ( string player ) ) ) ( string player ) ) )	overnight-basketball
name a player who had a point score that was not three	( call SW.listValue ( call SW.getProperty ( ( lambda s ( call SW.filter ( var s ) ( string num_points ) ( string ! = ) ( number 3 point ) ) ) ( call SW.domain ( string player ) ) ) ( string player ) ) )	overnight-basketball
how many season did kobe bryant have no more than three assists	( call SW.listValue ( call SW.getProperty ( call SW.filter ( call SW.getProperty en.player.kobe_bryant ( call SW.reverse ( string player ) ) ) ( string num_assists ) ( string = ) ( number 3 assist ) ) ( string num_assists ) ) )	overnight-basketball
what position is kobe bryant	( call SW.listValue ( call SW.getProperty ( call SW.filter ( call SW.getProperty en.player.kobe_bryant ( call SW.reverse ( string player ) ) ) ( string num_blocks ) ( string = ) ( number 3 block ) ) ( string position ) ) )	overnight-basketball
who has fewer steals per season on average than kobe bryant	( call SW.listValue ( call SW.getProperty ( ( lambda s ( call SW.filter ( var s ) ( call SW.ensureNumericProperty ( string num_steals ) ) ( string <= ) ( call SW.ensureNumericEntity ( call SW.getProperty ( call SW.getProperty en.player.kobe_bryant ( call SW.reverse ( string player ) ) ) ( string num_steals ) ) ) ) ) ( call SW.domain ( string player ) ) ) ( string player ) ) )	overnight-basketball
which players have at most 2 positions	( call SW.listValue ( call SW.getProperty ( ( lambda s ( call SW.countComparative ( var s ) ( string position ) ( string <= ) ( number 2 ) ) ) ( call SW.domain ( string player ) ) ) ( string player ) ) )	overnight-basketball
which player has got a maximum of 3 turnovers	( call SW.listValue ( call SW.getProperty ( ( lambda s ( call SW.filter ( var s ) ( call SW.ensureNumericProperty ( string num_turnovers ) ) ( string <= ) ( call SW.ensureNumericEntity ( number 3 turnover ) ) ) ) ( call SW.domain ( string player ) ) ) ( string player ) ) )	overnight-basketball
how many blocks in a season did kobe bryant have	( call SW.listValue ( call SW.getProperty ( call SW.getProperty en.player.kobe_bryant ( call SW.reverse ( string player ) ) ) ( string num_blocks ) ) )	overnight-basketball
how many points did kobe bryant score in the season that he had three steals	( call SW.listValue ( call SW.getProperty ( call SW.filter ( call SW.getProperty en.player.kobe_bryant ( call SW.reverse ( string player ) ) ) ( string num_steals ) ( string = ) ( number 3 steal ) ) ( string num_points ) ) )	overnight-basketball
how many steals did kobe get in 04	( call SW.listValue ( call SW.getProperty ( call SW.filter ( call SW.getProperty en.player.kobe_bryant ( call SW.reverse ( string player ) ) ) ( string season ) ( string = ) ( date 2004 -1 -1 ) ) ( string num_steals ) ) )	overnight-basketball
player who is not a los angleles laker	( call SW.listValue ( call SW.getProperty ( ( lambda s ( call SW.filter ( var s ) ( string team ) ( string ! = ) en.team.lakers ) ) ( call SW.domain ( string player ) ) ) ( string player ) ) )	overnight-basketball
what player had the same or fewer steals than kobe bryant	( call SW.listValue ( call SW.getProperty ( ( lambda s ( call SW.filter ( var s ) ( call SW.ensureNumericProperty ( string num_steals ) ) ( string <= ) ( call SW.ensureNumericEntity ( call SW.getProperty ( call SW.getProperty en.player.kobe_bryant ( call SW.reverse ( string player ) ) ) ( string num_steals ) ) ) ) ) ( call SW.domain ( string player ) ) ) ( string player ) ) )	overnight-basketball
what seasons did kobe bryant play point guard	( call SW.listValue ( call SW.getProperty ( call SW.filter ( call SW.getProperty en.player.kobe_bryant ( call SW.reverse ( string player ) ) ) ( string position ) ( string = ) en.position.point_guard ) ( string season ) ) )	overnight-basketball
how many steals did kobe bryant have when he scored three points	( call SW.listValue ( call SW.getProperty ( call SW.filter ( call SW.getProperty en.player.kobe_bryant ( call SW.reverse ( string player ) ) ) ( string num_points ) ( string = ) ( number 3 point ) ) ( string num_steals ) ) )	overnight-basketball
how many turnovers does kobe bryant have over all seasons	( call SW.listValue ( call SW.getProperty ( call SW.filter ( call SW.getProperty en.player.kobe_bryant ( call SW.reverse ( string player ) ) ) ( string num_assists ) ( string = ) ( number 3 assist ) ) ( string num_turnovers ) ) )	overnight-basketball
how many points did kobe bryant score allseason when his steals equaled 3	( call SW.listValue ( call SW.getProperty ( call SW.filter ( call SW.getProperty en.player.kobe_bryant ( call SW.reverse ( string player ) ) ) ( string num_steals ) ( string = ) ( number 3 steal ) ) ( string num_points ) ) )	overnight-basketball
what is the number of the player in this position	( call SW.listValue ( call .size ( call SW.getProperty ( call SW.singleton en.position ) ( string ! type ) ) ) )	overnight-basketball
how many all season steals did kobe bryant have	( call SW.listValue ( call SW.getProperty ( call SW.getProperty en.player.kobe_bryant ( call SW.reverse ( string player ) ) ) ( string num_steals ) ) )	overnight-basketball
player with lowest jersey number	( call SW.listValue ( call SW.getProperty ( ( lambda s ( call SW.countSuperlative ( var s ) ( string min ) ( string team ) ) ) ( call SW.domain ( string player ) ) ) ( string player ) ) )	overnight-basketball
how many games in a season did kobe bryant play where he had 3 fouls	( call SW.listValue ( call SW.getProperty ( call SW.filter ( call SW.getProperty en.player.kobe_bryant ( call SW.reverse ( string player ) ) ) ( string num_fouls ) ( string = ) ( number 3 foul ) ) ( string num_games_played ) ) )	overnight-basketball
player with most number of fouls over a season	( call SW.listValue ( call SW.getProperty ( ( lambda s ( call SW.superlative ( var s ) ( string max ) ( call SW.ensureNumericProperty ( string num_fouls ) ) ) ) ( call SW.domain ( string player ) ) ) ( string player ) ) )	overnight-basketball
how many assists has kobe bryant had	( call SW.listValue ( call SW.getProperty ( call SW.filter ( call SW.getProperty en.player.kobe_bryant ( call SW.reverse ( string player ) ) ) ( string num_games_played ) ( string = ) ( number 3 game ) ) ( string num_assists ) ) )	overnight-basketball
player with less points over a season than that of player kobe bryant over a season	( call SW.listValue ( call SW.getProperty ( ( lambda s ( call SW.filter ( var s ) ( call SW.ensureNumericProperty ( string num_points ) ) ( string < ) ( call SW.ensureNumericEntity ( call SW.getProperty ( call SW.getProperty en.player.kobe_bryant ( call SW.reverse ( string player ) ) ) ( string num_points ) ) ) ) ) ( call SW.domain ( string player ) ) ) ( string player ) ) )	overnight-basketball
which players have committed 3 or more fouls in a season	( call SW.listValue ( call SW.getProperty ( ( lambda s ( call SW.filter ( var s ) ( call SW.ensureNumericProperty ( string num_fouls ) ) ( string >= ) ( call SW.ensureNumericEntity ( number 3 foul ) ) ) ) ( call SW.domain ( string player ) ) ) ( string player ) ) )	overnight-basketball
what player has no more than three allseason blocks	( call SW.listValue ( call SW.getProperty ( ( lambda s ( call SW.filter ( var s ) ( call SW.ensureNumericProperty ( string num_blocks ) ) ( string <= ) ( call SW.ensureNumericEntity ( number 3 block ) ) ) ) ( call SW.domain ( string player ) ) ) ( string player ) ) )	overnight-basketball
how many steals did kobebryant get in 2004	( call SW.listValue ( call SW.getProperty ( call SW.filter ( call SW.getProperty en.player.kobe_bryant ( call SW.reverse ( string player ) ) ) ( string season ) ( string = ) ( date 2004 -1 -1 ) ) ( string num_steals ) ) )	overnight-basketball
how many fouls does kobe bryant average over a season	( call SW.listValue ( call SW.getProperty ( call SW.filter ( call SW.getProperty en.player.kobe_bryant ( call SW.reverse ( string player ) ) ) ( string num_fouls ) ( string = ) ( number 3 foul ) ) ( string season ) ) )	overnight-basketball
how many points has kobe bryant gotten this season	( call SW.listValue ( call SW.getProperty ( call SW.filter ( call SW.getProperty en.player.kobe_bryant ( call SW.reverse ( string player ) ) ) ( string num_games_played ) ( string = ) ( number 3 game ) ) ( string num_points ) ) )	overnight-basketball
what players had the same or more steals kobe over the season	( call SW.listValue ( call SW.getProperty ( ( lambda s ( call SW.filter ( var s ) ( call SW.ensureNumericProperty ( string num_steals ) ) ( string >= ) ( call SW.ensureNumericEntity ( call SW.getProperty ( call SW.getProperty en.player.kobe_bryant ( call SW.reverse ( string player ) ) ) ( string num_steals ) ) ) ) ) ( call SW.domain ( string player ) ) ) ( string player ) ) )	overnight-basketball
player who made lesser steals than kob bryant over a season	( call SW.listValue ( call SW.getProperty ( ( lambda s ( call SW.filter ( var s ) ( call SW.ensureNumericProperty ( string num_steals ) ) ( string < ) ( call SW.ensureNumericEntity ( call SW.getProperty ( call SW.getProperty en.player.kobe_bryant ( call SW.reverse ( string player ) ) ) ( string num_steals ) ) ) ) ) ( call SW.domain ( string player ) ) ) ( string player ) ) )	overnight-basketball
what player has been in for only 1 or 2 games in a season	( call SW.listValue ( call SW.getProperty ( ( lambda s ( call SW.filter ( var s ) ( call SW.ensureNumericProperty ( string num_games_played ) ) ( string < ) ( call SW.ensureNumericEntity ( number 3 game ) ) ) ) ( call SW.domain ( string player ) ) ) ( string player ) ) )	overnight-basketball
what player has at least as many all season points as kobe bryant	( call SW.listValue ( call SW.getProperty ( ( lambda s ( call SW.filter ( var s ) ( call SW.ensureNumericProperty ( string num_points ) ) ( string >= ) ( call SW.ensureNumericEntity ( call SW.getProperty ( call SW.getProperty en.player.kobe_bryant ( call SW.reverse ( string player ) ) ) ( string num_points ) ) ) ) ) ( call SW.domain ( string player ) ) ) ( string player ) ) )	overnight-basketball
what player had the same or less blocks as kobe bryant	( call SW.listValue ( call SW.getProperty ( ( lambda s ( call SW.filter ( var s ) ( call SW.ensureNumericProperty ( string num_blocks ) ) ( string <= ) ( call SW.ensureNumericEntity ( call SW.getProperty ( call SW.getProperty en.player.kobe_bryant ( call SW.reverse ( string player ) ) ) ( string num_blocks ) ) ) ) ) ( call SW.domain ( string player ) ) ) ( string player ) ) )	overnight-basketball
player with more than 3 blocks over a season	( call SW.listValue ( call SW.getProperty ( ( lambda s ( call SW.filter ( var s ) ( call SW.ensureNumericProperty ( string num_blocks ) ) ( string > ) ( call SW.ensureNumericEntity ( number 3 block ) ) ) ) ( call SW.domain ( string player ) ) ) ( string player ) ) )	overnight-basketball
who has had the least amount of blocks	( call SW.listValue ( call SW.getProperty ( ( lambda s ( call SW.superlative ( var s ) ( string min ) ( call SW.ensureNumericProperty ( string num_blocks ) ) ) ) ( call SW.domain ( string player ) ) ) ( string player ) ) )	overnight-basketball
kobe bryants number of games played the season he had 3 rebounds	( call SW.listValue ( call SW.getProperty ( call SW.filter ( call SW.getProperty en.player.kobe_bryant ( call SW.reverse ( string player ) ) ) ( string num_rebounds ) ( string = ) ( number 3 rebound ) ) ( string num_games_played ) ) )	overnight-basketball
which player had a maximum of 3 assists	( call SW.listValue ( call SW.getProperty ( ( lambda s ( call SW.filter ( var s ) ( call SW.ensureNumericProperty ( string num_assists ) ) ( string <= ) ( call SW.ensureNumericEntity ( number 3 assist ) ) ) ) ( call SW.domain ( string player ) ) ) ( string player ) ) )	overnight-basketball
how many fouls did kobe bryant have with three points	( call SW.listValue ( call SW.getProperty ( call SW.filter ( call SW.getProperty en.player.kobe_bryant ( call SW.reverse ( string player ) ) ) ( string num_points ) ( string = ) ( number 3 point ) ) ( string num_fouls ) ) )	overnight-basketball
what seasons did kobe bryant play for the la lakers	( call SW.listValue ( call SW.getProperty ( call SW.filter ( call SW.getProperty en.player.kobe_bryant ( call SW.reverse ( string player ) ) ) ( string team ) ( string = ) en.team.lakers ) ( string season ) ) )	overnight-basketball
what player had more than 3 steals	( call SW.listValue ( call SW.getProperty ( ( lambda s ( call SW.filter ( var s ) ( call SW.ensureNumericProperty ( string num_steals ) ) ( string > ) ( call SW.ensureNumericEntity ( number 3 steal ) ) ) ) ( call SW.domain ( string player ) ) ) ( string player ) ) )	overnight-basketball
are there players whose point scores in any one season are less than the total point scores of kobe bryant	( call SW.listValue ( call SW.getProperty ( ( lambda s ( call SW.filter ( var s ) ( call SW.ensureNumericProperty ( string num_points ) ) ( string < ) ( call SW.ensureNumericEntity ( call SW.getProperty ( call SW.getProperty en.player.kobe_bryant ( call SW.reverse ( string player ) ) ) ( string num_points ) ) ) ) ) ( call SW.domain ( string player ) ) ) ( string player ) ) )	overnight-basketball
how many blocks kob bryant made over a season	( call SW.listValue ( call SW.getProperty ( call SW.getProperty en.player.kobe_bryant ( call SW.reverse ( string player ) ) ) ( string num_blocks ) ) )	overnight-basketball
who has at least as many assists as kobe bryant over a season	( call SW.listValue ( call SW.getProperty ( ( lambda s ( call SW.filter ( var s ) ( string num_assists ) ( string = ) ( call SW.getProperty ( call SW.getProperty en.player.kobe_bryant ( call SW.reverse ( string player ) ) ) ( string num_assists ) ) ) ) ( call SW.domain ( string player ) ) ) ( string player ) ) )	overnight-basketball
player with assists over a season not less than that of player kobe bryant	( call SW.listValue ( call SW.getProperty ( ( lambda s ( call SW.filter ( var s ) ( call SW.ensureNumericProperty ( string num_assists ) ) ( string >= ) ( call SW.ensureNumericEntity ( call SW.getProperty ( call SW.getProperty en.player.kobe_bryant ( call SW.reverse ( string player ) ) ) ( string num_assists ) ) ) ) ) ( call SW.domain ( string player ) ) ) ( string player ) ) )	overnight-basketball
which player had at least three points during the season	( call SW.listValue ( call SW.getProperty ( ( lambda s ( call SW.filter ( var s ) ( call SW.ensureNumericProperty ( string num_points ) ) ( string >= ) ( call SW.ensureNumericEntity ( number 3 point ) ) ) ) ( call SW.domain ( string player ) ) ) ( string player ) ) )	overnight-basketball
what player had over 3 fouls	( call SW.listValue ( call SW.getProperty ( ( lambda s ( call SW.filter ( var s ) ( call SW.ensureNumericProperty ( string num_fouls ) ) ( string > ) ( call SW.ensureNumericEntity ( number 3 foul ) ) ) ) ( call SW.domain ( string player ) ) ) ( string player ) ) )	overnight-basketball
how many blocks did kobe bryant have during the 04 season	( call SW.listValue ( call SW.getProperty ( call SW.filter ( call SW.getProperty en.player.kobe_bryant ( call SW.reverse ( string player ) ) ) ( string season ) ( string = ) ( date 2004 -1 -1 ) ) ( string num_blocks ) ) )	overnight-basketball
which player has had the fewest fouls	( call SW.listValue ( call SW.getProperty ( ( lambda s ( call SW.superlative ( var s ) ( string min ) ( call SW.ensureNumericProperty ( string num_fouls ) ) ) ) ( call SW.domain ( string player ) ) ) ( string player ) ) )	overnight-basketball
what is the position of kobe bryant in los angeles lakers team	( call SW.listValue ( call SW.getProperty ( call SW.filter ( call SW.getProperty en.player.kobe_bryant ( call SW.reverse ( string player ) ) ) ( string team ) ( string = ) en.team.lakers ) ( string position ) ) )	overnight-basketball
when kobe bryant had 3 allseason assists how many rebounds did he have	( call SW.listValue ( call SW.getProperty ( call SW.filter ( call SW.getProperty en.player.kobe_bryant ( call SW.reverse ( string player ) ) ) ( string num_assists ) ( string = ) ( number 3 assist ) ) ( string num_rebounds ) ) )	overnight-basketball
which player had more assists than kobe bryant	( call SW.listValue ( call SW.getProperty ( ( lambda s ( call SW.filter ( var s ) ( call SW.ensureNumericProperty ( string num_assists ) ) ( string > ) ( call SW.ensureNumericEntity ( call SW.getProperty ( call SW.getProperty en.player.kobe_bryant ( call SW.reverse ( string player ) ) ) ( string num_assists ) ) ) ) ) ( call SW.domain ( string player ) ) ) ( string player ) ) )	overnight-basketball
how many points did kobe bryant have on the los angeles lakers	( call SW.listValue ( call SW.getProperty ( call SW.filter ( call SW.getProperty en.player.kobe_bryant ( call SW.reverse ( string player ) ) ) ( string team ) ( string = ) en.team.lakers ) ( string num_points ) ) )	overnight-basketball
what players made more points than kob bryant over a season	( call SW.listValue ( call SW.getProperty ( ( lambda s ( call SW.filter ( var s ) ( call SW.ensureNumericProperty ( string num_points ) ) ( string > ) ( call SW.ensureNumericEntity ( call SW.getProperty ( call SW.getProperty en.player.kobe_bryant ( call SW.reverse ( string player ) ) ) ( string num_points ) ) ) ) ) ( call SW.domain ( string player ) ) ) ( string player ) ) )	overnight-basketball
how many rebounds has kobe bryant had	( call SW.listValue ( call SW.getProperty ( call SW.filter ( call SW.getProperty en.player.kobe_bryant ( call SW.reverse ( string player ) ) ) ( string num_games_played ) ( string = ) ( number 3 game ) ) ( string num_rebounds ) ) )	overnight-basketball
which player has made the maximum number of blocks	( call SW.listValue ( call SW.getProperty ( ( lambda s ( call SW.superlative ( var s ) ( string max ) ( call SW.ensureNumericProperty ( string num_blocks ) ) ) ) ( call SW.domain ( string player ) ) ) ( string player ) ) )	overnight-basketball
players that did not play in 2004	( call SW.listValue ( call SW.getProperty ( ( lambda s ( call SW.filter ( var s ) ( string season ) ( string ! = ) ( date 2004 -1 -1 ) ) ) ( call SW.domain ( string player ) ) ) ( string player ) ) )	overnight-basketball
what player scored fewer than 3 points in a season	( call SW.listValue ( call SW.getProperty ( ( lambda s ( call SW.filter ( var s ) ( call SW.ensureNumericProperty ( string num_points ) ) ( string < ) ( call SW.ensureNumericEntity ( number 3 point ) ) ) ) ( call SW.domain ( string player ) ) ) ( string player ) ) )	overnight-basketball
how many blocks kob bryant made in the season 2004	( call SW.listValue ( call SW.getProperty ( call SW.filter ( call SW.getProperty en.player.kobe_bryant ( call SW.reverse ( string player ) ) ) ( string season ) ( string = ) ( date 2004 -1 -1 ) ) ( string num_rebounds ) ) )	overnight-basketball
how many rebounds were  got by kobe bryant in 2004	( call SW.listValue ( call SW.getProperty ( call SW.filter ( call SW.getProperty en.player.kobe_bryant ( call SW.reverse ( string player ) ) ) ( string season ) ( string = ) ( date 2004 -1 -1 ) ) ( string num_rebounds ) ) )	overnight-basketball
how many turnovers has kobe bryant had	( call SW.listValue ( call SW.getProperty ( call SW.filter ( call SW.getProperty en.player.kobe_bryant ( call SW.reverse ( string player ) ) ) ( string position ) ( string = ) en.position.point_guard ) ( string num_turnovers ) ) )	overnight-basketball
what is the number of assists by kobe bryant who made 3 assists over the season	( call SW.listValue ( call SW.getProperty ( call SW.filter ( call SW.getProperty en.player.kobe_bryant ( call SW.reverse ( string player ) ) ) ( string num_assists ) ( string = ) ( number 3 assist ) ) ( string num_assists ) ) )	overnight-basketball
what player has the most blocks in a season	( call SW.listValue ( call SW.getProperty ( ( lambda s ( call SW.superlative ( var s ) ( string max ) ( call SW.ensureNumericProperty ( string num_blocks ) ) ) ) ( call SW.domain ( string player ) ) ) ( string player ) ) )	overnight-basketball
what team did kobe bryant play on when he had 3 assists	( call SW.listValue ( call SW.getProperty ( call SW.filter ( call SW.getProperty en.player.kobe_bryant ( call SW.reverse ( string player ) ) ) ( string num_assists ) ( string = ) ( number 3 assist ) ) ( string team ) ) )	overnight-basketball
what players all season blocks were no less than 3	( call SW.listValue ( call SW.getProperty ( ( lambda s ( call SW.filter ( var s ) ( call SW.ensureNumericProperty ( string num_blocks ) ) ( string >= ) ( call SW.ensureNumericEntity ( number 3 block ) ) ) ) ( call SW.domain ( string player ) ) ) ( string player ) ) )	overnight-basketball
how many assists did kobe bryant have as point guard	( call SW.listValue ( call SW.getProperty ( call SW.filter ( call SW.getProperty en.player.kobe_bryant ( call SW.reverse ( string player ) ) ) ( string position ) ( string = ) en.position.point_guard ) ( string num_assists ) ) )	overnight-basketball
name a player with at least three rebounds in the season	( call SW.listValue ( call SW.getProperty ( ( lambda s ( call SW.filter ( var s ) ( call SW.ensureNumericProperty ( string num_rebounds ) ) ( string >= ) ( call SW.ensureNumericEntity ( number 3 rebound ) ) ) ) ( call SW.domain ( string player ) ) ) ( string player ) ) )	overnight-basketball
how many blocks kob bryant made over a season in which he made 3 fouls	( call SW.listValue ( call SW.getProperty ( call SW.filter ( call SW.getProperty en.player.kobe_bryant ( call SW.reverse ( string player ) ) ) ( string num_fouls ) ( string = ) ( number 3 foul ) ) ( string num_blocks ) ) )	overnight-basketball
which player has  played lesser than 3 fouls	( call SW.listValue ( call SW.getProperty ( ( lambda s ( call SW.filter ( var s ) ( call SW.ensureNumericProperty ( string num_fouls ) ) ( string < ) ( call SW.ensureNumericEntity ( number 3 foul ) ) ) ) ( call SW.domain ( string player ) ) ) ( string player ) ) )	overnight-basketball
what player had the same amount of assists as kobe bryant	( call SW.listValue ( call SW.getProperty ( ( lambda s ( call SW.filter ( var s ) ( string num_assists ) ( string = ) ( call SW.getProperty ( call SW.getProperty en.player.kobe_bryant ( call SW.reverse ( string player ) ) ) ( string num_assists ) ) ) ) ( call SW.domain ( string player ) ) ) ( string player ) ) )	overnight-basketball
in which seasons kob bryant made 3 assists	( call SW.listValue ( call SW.getProperty ( call SW.filter ( call SW.getProperty en.player.kobe_bryant ( call SW.reverse ( string player ) ) ) ( string num_assists ) ( string = ) ( number 3 assist ) ) ( string season ) ) )	overnight-basketball
player from los angeles lakers or cleveland cavaliers	( call SW.listValue ( call SW.getProperty ( ( lambda s ( call SW.filter ( var s ) ( string team ) ( string = ) ( call SW.concat en.team.lakers en.team.cavaliers ) ) ) ( call SW.domain ( string player ) ) ) ( string player ) ) )	overnight-basketball
how many points did kobe bryant have when he had 3 steals	( call SW.listValue ( call SW.getProperty ( call SW.filter ( call SW.getProperty en.player.kobe_bryant ( call SW.reverse ( string player ) ) ) ( string num_steals ) ( string = ) ( number 3 steal ) ) ( string num_points ) ) )	overnight-basketball
name the number of turnovers achieved by kobe bryant in 2004	( call SW.listValue ( call SW.getProperty ( call SW.filter ( call SW.getProperty en.player.kobe_bryant ( call SW.reverse ( string player ) ) ) ( string season ) ( string = ) ( date 2004 -1 -1 ) ) ( string num_turnovers ) ) )	overnight-basketball
who has more than 3 assists to their credit per season	( call SW.listValue ( call SW.getProperty ( ( lambda s ( call SW.filter ( var s ) ( call SW.ensureNumericProperty ( string num_assists ) ) ( string > ) ( call SW.ensureNumericEntity ( number 3 assist ) ) ) ) ( call SW.domain ( string player ) ) ) ( string player ) ) )	overnight-basketball
what player had less fouls than kobe bryant this season	( call SW.listValue ( call SW.getProperty ( ( lambda s ( call SW.filter ( var s ) ( call SW.ensureNumericProperty ( string num_fouls ) ) ( string < ) ( call SW.ensureNumericEntity ( call SW.getProperty ( call SW.getProperty en.player.kobe_bryant ( call SW.reverse ( string player ) ) ) ( string num_fouls ) ) ) ) ) ( call SW.domain ( string player ) ) ) ( string player ) ) )	overnight-basketball
what team was kobe bryant on when he played less than three games in a season	( call SW.listValue ( call SW.getProperty ( call SW.filter ( call SW.getProperty en.player.kobe_bryant ( call SW.reverse ( string player ) ) ) ( string num_games_played ) ( string = ) ( number 3 game ) ) ( string team ) ) )	overnight-basketball
for the period of time in which kobe bryant was point guard name the amount of rebounds he had in that season	( call SW.listValue ( call SW.getProperty ( call SW.filter ( call SW.getProperty en.player.kobe_bryant ( call SW.reverse ( string player ) ) ) ( string position ) ( string = ) en.position.point_guard ) ( string num_rebounds ) ) )	overnight-basketball
for which team kob bryant made 3 blocks over a season	( call SW.listValue ( call SW.getProperty ( call SW.filter ( call SW.getProperty en.player.kobe_bryant ( call SW.reverse ( string player ) ) ) ( string num_blocks ) ( string = ) ( number 3 block ) ) ( string team ) ) )	overnight-basketball
what player has the largest number of all season fouls	( call SW.listValue ( call SW.getProperty ( ( lambda s ( call SW.superlative ( var s ) ( string max ) ( call SW.ensureNumericProperty ( string num_fouls ) ) ) ) ( call SW.domain ( string player ) ) ) ( string player ) ) )	overnight-basketball
how many steals has kobe bryant had	( call SW.listValue ( call SW.getProperty ( call SW.filter ( call SW.getProperty en.player.kobe_bryant ( call SW.reverse ( string player ) ) ) ( string season ) ( string = ) ( date 2004 -1 -1 ) ) ( string num_steals ) ) )	overnight-basketball
are there players who have a gamesparticipated in tally equalling that of kobe bryant in any one specific season	( call SW.listValue ( call SW.getProperty ( ( lambda s ( call SW.filter ( var s ) ( string num_games_played ) ( string = ) ( call SW.getProperty ( call SW.getProperty en.player.kobe_bryant ( call SW.reverse ( string player ) ) ) ( string num_games_played ) ) ) ) ( call SW.domain ( string player ) ) ) ( string player ) ) )	overnight-basketball
how many games did kobe bryant play in the 2004 season	( call SW.listValue ( call SW.getProperty ( call SW.filter ( call SW.getProperty en.player.kobe_bryant ( call SW.reverse ( string player ) ) ) ( string season ) ( string = ) ( date 2004 -1 -1 ) ) ( string num_games_played ) ) )	overnight-basketball
number of fouls over a season of player kobe bryant who has 3 steals over a season	( call SW.listValue ( call SW.getProperty ( call SW.filter ( call SW.getProperty en.player.kobe_bryant ( call SW.reverse ( string player ) ) ) ( string num_steals ) ( string = ) ( number 3 steal ) ) ( string num_fouls ) ) )	overnight-basketball
name a player with the same number of blocks as kobe bryant	( call SW.listValue ( call SW.getProperty ( ( lambda s ( call SW.filter ( var s ) ( string num_blocks ) ( string = ) ( call SW.getProperty ( call SW.getProperty en.player.kobe_bryant ( call SW.reverse ( string player ) ) ) ( string num_blocks ) ) ) ) ( call SW.domain ( string player ) ) ) ( string player ) ) )	overnight-basketball
how many points in a season did kobe bryant have when he had only three assists	( call SW.listValue ( call SW.getProperty ( call SW.filter ( call SW.getProperty en.player.kobe_bryant ( call SW.reverse ( string player ) ) ) ( string num_assists ) ( string = ) ( number 3 assist ) ) ( string num_points ) ) )	overnight-basketball
how many steals did kobe bryant have in season where he had only three rebounds	( call SW.listValue ( call SW.getProperty ( call SW.filter ( call SW.getProperty en.player.kobe_bryant ( call SW.reverse ( string player ) ) ) ( string num_rebounds ) ( string = ) ( number 3 rebound ) ) ( string num_steals ) ) )	overnight-basketball
which player has scored less than three points	( call SW.listValue ( call SW.getProperty ( ( lambda s ( call SW.filter ( var s ) ( call SW.ensureNumericProperty ( string num_points ) ) ( string < ) ( call SW.ensureNumericEntity ( number 3 point ) ) ) ) ( call SW.domain ( string player ) ) ) ( string player ) ) )	overnight-basketball
how many turnovers did kobe bryant make over the season where he made 3 steals	( call SW.listValue ( call SW.getProperty ( call SW.filter ( call SW.getProperty en.player.kobe_bryant ( call SW.reverse ( string player ) ) ) ( string num_steals ) ( string = ) ( number 3 steal ) ) ( string num_turnovers ) ) )	overnight-basketball
who has had the same or more steals as kobe bryant	( call SW.listValue ( call SW.getProperty ( ( lambda s ( call SW.filter ( var s ) ( call SW.ensureNumericProperty ( string num_steals ) ) ( string >= ) ( call SW.ensureNumericEntity ( call SW.getProperty ( call SW.getProperty en.player.kobe_bryant ( call SW.reverse ( string player ) ) ) ( string num_steals ) ) ) ) ) ( call SW.domain ( string player ) ) ) ( string player ) ) )	overnight-basketball
how many rebounds did kobe bryant have when he had 3 steals	( call SW.listValue ( call SW.getProperty ( call SW.filter ( call SW.getProperty en.player.kobe_bryant ( call SW.reverse ( string player ) ) ) ( string num_steals ) ( string = ) ( number 3 steal ) ) ( string num_rebounds ) ) )	overnight-basketball
which player leads kobe bryant for rebounds per season	( call SW.listValue ( call SW.getProperty ( ( lambda s ( call SW.filter ( var s ) ( call SW.ensureNumericProperty ( string num_rebounds ) ) ( string >= ) ( call SW.ensureNumericEntity ( call SW.getProperty ( call SW.getProperty en.player.kobe_bryant ( call SW.reverse ( string player ) ) ) ( string num_rebounds ) ) ) ) ) ( call SW.domain ( string player ) ) ) ( string player ) ) )	overnight-basketball
how many fouls did kobe bryant have this season	( call SW.listValue ( call SW.getProperty ( call SW.getProperty en.player.kobe_bryant ( call SW.reverse ( string player ) ) ) ( string num_fouls ) ) )	overnight-basketball
players with assists not equal to three in a season	( call SW.listValue ( call SW.getProperty ( ( lambda s ( call SW.filter ( var s ) ( string num_assists ) ( string ! = ) ( number 3 assist ) ) ) ( call SW.domain ( string player ) ) ) ( string player ) ) )	overnight-basketball
who has at most 3 assists total in a season	( call SW.listValue ( call SW.getProperty ( ( lambda s ( call SW.filter ( var s ) ( call SW.ensureNumericProperty ( string num_assists ) ) ( string <= ) ( call SW.ensureNumericEntity ( number 3 assist ) ) ) ) ( call SW.domain ( string player ) ) ) ( string player ) ) )	overnight-basketball
what player has as much steals as most number of steals kob bryant made over a season	( call SW.listValue ( call SW.getProperty ( ( lambda s ( call SW.filter ( var s ) ( call SW.ensureNumericProperty ( string num_steals ) ) ( string <= ) ( call SW.ensureNumericEntity ( call SW.getProperty ( call SW.getProperty en.player.kobe_bryant ( call SW.reverse ( string player ) ) ) ( string num_steals ) ) ) ) ) ( call SW.domain ( string player ) ) ) ( string player ) ) )	overnight-basketball
player whose number of points over a season is not less  than that of player kobe bryantover a season	( call SW.listValue ( call SW.getProperty ( ( lambda s ( call SW.filter ( var s ) ( call SW.ensureNumericProperty ( string num_points ) ) ( string >= ) ( call SW.ensureNumericEntity ( call SW.getProperty ( call SW.getProperty en.player.kobe_bryant ( call SW.reverse ( string player ) ) ) ( string num_points ) ) ) ) ) ( call SW.domain ( string player ) ) ) ( string player ) ) )	overnight-basketball
player with not less than 3 points over a season	( call SW.listValue ( call SW.getProperty ( ( lambda s ( call SW.filter ( var s ) ( call SW.ensureNumericProperty ( string num_points ) ) ( string <= ) ( call SW.ensureNumericEntity ( number 3 point ) ) ) ) ( call SW.domain ( string player ) ) ) ( string player ) ) )	overnight-basketball
the total number of steals in all seasons for point guard kobe bryant	( call SW.listValue ( call SW.getProperty ( call SW.filter ( call SW.getProperty en.player.kobe_bryant ( call SW.reverse ( string player ) ) ) ( string position ) ( string = ) en.position.point_guard ) ( string num_steals ) ) )	overnight-basketball
in which season did kobe bryant have 3 turnovers	( call SW.listValue ( call SW.getProperty ( call SW.filter ( call SW.getProperty en.player.kobe_bryant ( call SW.reverse ( string player ) ) ) ( string num_turnovers ) ( string = ) ( number 3 turnover ) ) ( string season ) ) )	overnight-basketball
how many fouls were played by kobe bryant when he scored 3 points	( call SW.listValue ( call SW.getProperty ( call SW.filter ( call SW.getProperty en.player.kobe_bryant ( call SW.reverse ( string player ) ) ) ( string num_points ) ( string = ) ( number 3 point ) ) ( string num_fouls ) ) )	overnight-basketball
how many rebounds did kobe bryant make	( call SW.listValue ( call SW.getProperty ( call SW.filter ( call SW.getProperty en.player.kobe_bryant ( call SW.reverse ( string player ) ) ) ( string num_turnovers ) ( string = ) ( number 3 turnover ) ) ( string num_rebounds ) ) )	overnight-basketball
which players plays in two positions	( call SW.listValue ( call SW.getProperty ( ( lambda s ( call SW.countComparative ( var s ) ( string position ) ( string <= ) ( number 2 ) ) ) ( call SW.domain ( string player ) ) ) ( string player ) ) )	overnight-basketball
which players have at least 3 turnovers in a season	( call SW.listValue ( call SW.getProperty ( ( lambda s ( call SW.filter ( var s ) ( call SW.ensureNumericProperty ( string num_turnovers ) ) ( string >= ) ( call SW.ensureNumericEntity ( number 3 turnover ) ) ) ) ( call SW.domain ( string player ) ) ) ( string player ) ) )	overnight-basketball
which player made as many blocks over the season as kobe bryant	( call SW.listValue ( call SW.getProperty ( ( lambda s ( call SW.filter ( var s ) ( call SW.ensureNumericProperty ( string num_blocks ) ) ( string <= ) ( call SW.ensureNumericEntity ( call SW.getProperty ( call SW.getProperty en.player.kobe_bryant ( call SW.reverse ( string player ) ) ) ( string num_blocks ) ) ) ) ) ( call SW.domain ( string player ) ) ) ( string player ) ) )	overnight-basketball
how many did kobe bryant play so far this year	( call SW.listValue ( call SW.getProperty ( call SW.getProperty en.player.kobe_bryant ( call SW.reverse ( string player ) ) ) ( string num_games_played ) ) )	overnight-basketball
players who had more than three assists in a season	( call SW.listValue ( call SW.getProperty ( ( lambda s ( call SW.filter ( var s ) ( call SW.ensureNumericProperty ( string num_assists ) ) ( string > ) ( call SW.ensureNumericEntity ( number 3 assist ) ) ) ) ( call SW.domain ( string player ) ) ) ( string player ) ) )	overnight-basketball
which player had the same number of points in the season as kobe bryant	( call SW.listValue ( call SW.getProperty ( ( lambda s ( call SW.filter ( var s ) ( string num_points ) ( string = ) ( call SW.getProperty ( call SW.getProperty en.player.kobe_bryant ( call SW.reverse ( string player ) ) ) ( string num_points ) ) ) ) ( call SW.domain ( string player ) ) ) ( string player ) ) )	overnight-basketball
how many blocks has kobe bryant had as an la laker	( call SW.listValue ( call SW.getProperty ( call SW.filter ( call SW.getProperty en.player.kobe_bryant ( call SW.reverse ( string player ) ) ) ( string team ) ( string = ) en.team.lakers ) ( string num_blocks ) ) )	overnight-basketball
players that have more points than kobe bryant over all seasons	( call SW.listValue ( call SW.getProperty ( ( lambda s ( call SW.filter ( var s ) ( call SW.ensureNumericProperty ( string num_points ) ) ( string >= ) ( call SW.ensureNumericEntity ( call SW.getProperty ( call SW.getProperty en.player.kobe_bryant ( call SW.reverse ( string player ) ) ) ( string num_points ) ) ) ) ) ( call SW.domain ( string player ) ) ) ( string player ) ) )	overnight-basketball
number of rebounds over a season of player kobe bryant with 3 turnovers over a season	( call SW.listValue ( call SW.getProperty ( call SW.filter ( call SW.getProperty en.player.kobe_bryant ( call SW.reverse ( string player ) ) ) ( string num_turnovers ) ( string = ) ( number 3 turnover ) ) ( string num_rebounds ) ) )	overnight-basketball
what was the total number of steals in seasons where kobe bryant had only played three games	( call SW.listValue ( call SW.getProperty ( call SW.filter ( call SW.getProperty en.player.kobe_bryant ( call SW.reverse ( string player ) ) ) ( string num_games_played ) ( string = ) ( number 3 game ) ) ( string num_steals ) ) )	overnight-basketball
what player played less than 4 games over a season	( call SW.listValue ( call SW.getProperty ( ( lambda s ( call SW.filter ( var s ) ( call SW.ensureNumericProperty ( string num_games_played ) ) ( string <= ) ( call SW.ensureNumericEntity ( number 3 game ) ) ) ) ( call SW.domain ( string player ) ) ) ( string player ) ) )	overnight-basketball
how many turnovers does point guard kobe bryant have in a season	( call SW.listValue ( call SW.getProperty ( call SW.filter ( call SW.getProperty en.player.kobe_bryant ( call SW.reverse ( string player ) ) ) ( string position ) ( string = ) en.position.point_guard ) ( string num_turnovers ) ) )	overnight-basketball
how many games kob bryant played over a season in which he made 3 points	( call SW.listValue ( call SW.getProperty ( call SW.filter ( call SW.getProperty en.player.kobe_bryant ( call SW.reverse ( string player ) ) ) ( string num_points ) ( string = ) ( number 3 point ) ) ( string num_games_played ) ) )	overnight-basketball
how many steals does kobe get in seasons where hes got more than 3 steals	( call SW.listValue ( call SW.getProperty ( call SW.filter ( call SW.getProperty en.player.kobe_bryant ( call SW.reverse ( string player ) ) ) ( string num_blocks ) ( string = ) ( number 3 block ) ) ( string num_steals ) ) )	overnight-basketball
what player has had more turnovers than kobe bryant during a season	( call SW.listValue ( call SW.getProperty ( ( lambda s ( call SW.filter ( var s ) ( call SW.ensureNumericProperty ( string num_turnovers ) ) ( string > ) ( call SW.ensureNumericEntity ( call SW.getProperty ( call SW.getProperty en.player.kobe_bryant ( call SW.reverse ( string player ) ) ) ( string num_turnovers ) ) ) ) ) ( call SW.domain ( string player ) ) ) ( string player ) ) )	overnight-basketball
name kobe bryants position when he had three turnovers	( call SW.listValue ( call SW.getProperty ( call SW.filter ( call SW.getProperty en.player.kobe_bryant ( call SW.reverse ( string player ) ) ) ( string num_turnovers ) ( string = ) ( number 3 turnover ) ) ( string position ) ) )	overnight-basketball
which player has more rebounds than kobe bryant	( call SW.listValue ( call SW.getProperty ( ( lambda s ( call SW.filter ( var s ) ( call SW.ensureNumericProperty ( string num_rebounds ) ) ( string > ) ( call SW.ensureNumericEntity ( call SW.getProperty ( call SW.getProperty en.player.kobe_bryant ( call SW.reverse ( string player ) ) ) ( string num_rebounds ) ) ) ) ) ( call SW.domain ( string player ) ) ) ( string player ) ) )	overnight-basketball
during the season in which he had 3 turnovers what team was kobe bryant on	( call SW.listValue ( call SW.getProperty ( call SW.filter ( call SW.getProperty en.player.kobe_bryant ( call SW.reverse ( string player ) ) ) ( string num_turnovers ) ( string = ) ( number 3 turnover ) ) ( string team ) ) )	overnight-basketball
who has the same number of rebounds as kobe bryant	( call SW.listValue ( call SW.getProperty ( ( lambda s ( call SW.filter ( var s ) ( string num_rebounds ) ( string = ) ( call SW.getProperty ( call SW.getProperty en.player.kobe_bryant ( call SW.reverse ( string player ) ) ) ( string num_rebounds ) ) ) ) ( call SW.domain ( string player ) ) ) ( string player ) ) )	overnight-basketball
number of rebounds over a season of player kobe bryant who has played 3 games over a season	( call SW.listValue ( call SW.getProperty ( call SW.filter ( call SW.getProperty en.player.kobe_bryant ( call SW.reverse ( string player ) ) ) ( string num_games_played ) ( string = ) ( number 3 game ) ) ( string num_rebounds ) ) )	overnight-basketball
how many teams are in the nba	( call SW.listValue ( call .size ( call SW.getProperty ( call SW.singleton en.team ) ( string ! type ) ) ) )	overnight-basketball
kobe bryant had 3 rebounds	( call SW.listValue ( call SW.getProperty ( call SW.filter ( call SW.getProperty en.player.kobe_bryant ( call SW.reverse ( string player ) ) ) ( string num_rebounds ) ( string = ) ( number 3 rebound ) ) ( string num_rebounds ) ) )	overnight-basketball
what players have played less than two positions	( call SW.listValue ( call SW.getProperty ( ( lambda s ( call SW.countComparative ( var s ) ( string position ) ( string < ) ( number 2 ) ) ) ( call SW.domain ( string player ) ) ) ( string player ) ) )	overnight-basketball
players that have more steals than kobe bryant over all seasons	( call SW.listValue ( call SW.getProperty ( ( lambda s ( call SW.filter ( var s ) ( call SW.ensureNumericProperty ( string num_steals ) ) ( string > ) ( call SW.ensureNumericEntity ( call SW.getProperty ( call SW.getProperty en.player.kobe_bryant ( call SW.reverse ( string player ) ) ) ( string num_steals ) ) ) ) ) ( call SW.domain ( string player ) ) ) ( string player ) ) )	overnight-basketball
player whose steals over a season are not more than steals player kobe bryant over a season	( call SW.listValue ( call SW.getProperty ( ( lambda s ( call SW.filter ( var s ) ( call SW.ensureNumericProperty ( string num_steals ) ) ( string <= ) ( call SW.ensureNumericEntity ( call SW.getProperty ( call SW.getProperty en.player.kobe_bryant ( call SW.reverse ( string player ) ) ) ( string num_steals ) ) ) ) ) ( call SW.domain ( string player ) ) ) ( string player ) ) )	overnight-basketball
player that has the least fouls over all seasons	( call SW.listValue ( call SW.getProperty ( ( lambda s ( call SW.superlative ( var s ) ( string min ) ( call SW.ensureNumericProperty ( string num_fouls ) ) ) ) ( call SW.domain ( string player ) ) ) ( string player ) ) )	overnight-basketball
which player had more rebounds than kobe bryant	( call SW.listValue ( call SW.getProperty ( ( lambda s ( call SW.filter ( var s ) ( call SW.ensureNumericProperty ( string num_rebounds ) ) ( string > ) ( call SW.ensureNumericEntity ( call SW.getProperty ( call SW.getProperty en.player.kobe_bryant ( call SW.reverse ( string player ) ) ) ( string num_rebounds ) ) ) ) ) ( call SW.domain ( string player ) ) ) ( string player ) ) )	overnight-basketball
during his season playing point guard how many assists was bryant kobe responsible for	( call SW.listValue ( call SW.getProperty ( call SW.filter ( call SW.getProperty en.player.kobe_bryant ( call SW.reverse ( string player ) ) ) ( string position ) ( string = ) en.position.point_guard ) ( string num_assists ) ) )	overnight-basketball
how many points did kobe bryant aquire over the entire season	( call SW.listValue ( call SW.getProperty ( call SW.getProperty en.player.kobe_bryant ( call SW.reverse ( string player ) ) ) ( string num_points ) ) )	overnight-basketball
which player did not play in 2004 or 2010	( call SW.listValue ( call SW.getProperty ( ( lambda s ( call SW.filter ( var s ) ( string season ) ( string = ) ( call SW.concat ( date 2004 -1 -1 ) ( date 2010 -1 -1 ) ) ) ) ( call SW.domain ( string player ) ) ) ( string player ) ) )	overnight-basketball
how many assists did kobe have this season	( call SW.listValue ( call SW.getProperty ( call SW.getProperty en.player.kobe_bryant ( call SW.reverse ( string player ) ) ) ( string num_assists ) ) )	overnight-basketball
players with less than 3 blocks over all seasons	( call SW.listValue ( call SW.getProperty ( ( lambda s ( call SW.filter ( var s ) ( call SW.ensureNumericProperty ( string num_blocks ) ) ( string < ) ( call SW.ensureNumericEntity ( number 3 block ) ) ) ) ( call SW.domain ( string player ) ) ) ( string player ) ) )	overnight-basketball
find the player who made the same or a lesser number of assists in the same season as kobe bryant	( call SW.listValue ( call SW.getProperty ( ( lambda s ( call SW.filter ( var s ) ( call SW.ensureNumericProperty ( string num_assists ) ) ( string <= ) ( call SW.ensureNumericEntity ( call SW.getProperty ( call SW.getProperty en.player.kobe_bryant ( call SW.reverse ( string player ) ) ) ( string num_assists ) ) ) ) ) ( call SW.domain ( string player ) ) ) ( string player ) ) )	overnight-basketball
what player gets more blocks than  kobe bryant or at least the same	( call SW.listValue ( call SW.getProperty ( ( lambda s ( call SW.filter ( var s ) ( call SW.ensureNumericProperty ( string num_blocks ) ) ( string >= ) ( call SW.ensureNumericEntity ( call SW.getProperty ( call SW.getProperty en.player.kobe_bryant ( call SW.reverse ( string player ) ) ) ( string num_blocks ) ) ) ) ) ( call SW.domain ( string player ) ) ) ( string player ) ) )	overnight-basketball
either 2004 or 2010	( call SW.listValue ( call SW.concat ( date 2004 -1 -1 ) ( date 2010 -1 -1 ) ) )	overnight-basketball
find those players with point totals in any one season equalling at least 3	( call SW.listValue ( call SW.getProperty ( ( lambda s ( call SW.filter ( var s ) ( call SW.ensureNumericProperty ( string num_points ) ) ( string >= ) ( call SW.ensureNumericEntity ( number 3 point ) ) ) ) ( call SW.domain ( string player ) ) ) ( string player ) ) )	overnight-basketball
name a player who has played as many games as kobe bryant	( call SW.listValue ( call SW.getProperty ( ( lambda s ( call SW.filter ( var s ) ( string num_games_played ) ( string = ) ( call SW.getProperty ( call SW.getProperty en.player.kobe_bryant ( call SW.reverse ( string player ) ) ) ( string num_games_played ) ) ) ) ( call SW.domain ( string player ) ) ) ( string player ) ) )	overnight-basketball
which is the team of kobebryant who had 3 turnovers	( call SW.listValue ( call SW.getProperty ( call SW.filter ( call SW.getProperty en.player.kobe_bryant ( call SW.reverse ( string player ) ) ) ( string num_turnovers ) ( string = ) ( number 3 turnover ) ) ( string team ) ) )	overnight-basketball
how many turnovers kob bryant made in the season he played for los angeles lakers	( call SW.listValue ( call SW.getProperty ( call SW.filter ( call SW.getProperty en.player.kobe_bryant ( call SW.reverse ( string player ) ) ) ( string team ) ( string = ) en.team.lakers ) ( string num_turnovers ) ) )	overnight-basketball
player who has same rebounds over a season as that of player kobe bryant over a season	( call SW.listValue ( call SW.getProperty ( ( lambda s ( call SW.filter ( var s ) ( string num_rebounds ) ( string = ) ( call SW.getProperty ( call SW.getProperty en.player.kobe_bryant ( call SW.reverse ( string player ) ) ) ( string num_rebounds ) ) ) ) ( call SW.domain ( string player ) ) ) ( string player ) ) )	overnight-basketball
what position did kobe bryant play for the lakers	( call SW.listValue ( call SW.getProperty ( call SW.filter ( call SW.getProperty en.player.kobe_bryant ( call SW.reverse ( string player ) ) ) ( string team ) ( string = ) en.team.lakers ) ( string position ) ) )	overnight-basketball
what player played more games than kobe bryant this season	( call SW.listValue ( call SW.getProperty ( ( lambda s ( call SW.filter ( var s ) ( call SW.ensureNumericProperty ( string num_games_played ) ) ( string > ) ( call SW.ensureNumericEntity ( call SW.getProperty ( call SW.getProperty en.player.kobe_bryant ( call SW.reverse ( string player ) ) ) ( string num_games_played ) ) ) ) ) ( call SW.domain ( string player ) ) ) ( string player ) ) )	overnight-basketball
what player had equal or fewer assists than kobe bryant	( call SW.listValue ( call SW.getProperty ( ( lambda s ( call SW.filter ( var s ) ( call SW.ensureNumericProperty ( string num_assists ) ) ( string <= ) ( call SW.ensureNumericEntity ( call SW.getProperty ( call SW.getProperty en.player.kobe_bryant ( call SW.reverse ( string player ) ) ) ( string num_assists ) ) ) ) ) ( call SW.domain ( string player ) ) ) ( string player ) ) )	overnight-basketball
kobe bryant got 3 steals	( call SW.listValue ( call SW.getProperty ( call SW.filter ( call SW.getProperty en.player.kobe_bryant ( call SW.reverse ( string player ) ) ) ( string num_steals ) ( string = ) ( number 3 steal ) ) ( string num_steals ) ) )	overnight-basketball
player who has played same number of games over a season as by player kobe bryantover a season	( call SW.listValue ( call SW.getProperty ( ( lambda s ( call SW.filter ( var s ) ( string num_games_played ) ( string = ) ( call SW.getProperty ( call SW.getProperty en.player.kobe_bryant ( call SW.reverse ( string player ) ) ) ( string num_games_played ) ) ) ) ( call SW.domain ( string player ) ) ) ( string player ) ) )	overnight-basketball
